Data Source in SDW: https://sdw.ecb.europa.eu/quickview.do;jsessionid=7E56213D3FE620A748F89EF1F5C0D614?SERIES_KEY=165.YC.B.U2.EUR.4F.G_N_A.SV_C_YM.SR_10Y&start=01-01-2005&end=01-04-2021&submitOptions.x=0&submitOptions.y=0&trans=N
;YC.B.U2.EUR.4F.G_N_A.SV_C_YM.SR_10Y
;Euro area (changing composition) - Government bond, nominal, all issuers whose rating is triple A - Svensson model - continuous compounding - yield error minimisation - Yield curve spot rate, 10-year maturity - Euro, provided by ECB
Collection:;End of period (E)
Period\Unit:;[Percent per annum ]
2021-04-01;-0,304831
2021-03-31;-0,278650
2021-03-30;-0,259579
2021-03-29;-0,309066
2021-03-26;-0,330952
2021-03-25;-0,359631
2021-03-24;-0,327322
2021-03-23;-0,322874
2021-03-22;-0,288905
2021-03-19;-0,274256
2021-03-18;-0,246471
2021-03-17;-0,281399
2021-03-16;-0,325950
2021-03-15;-0,295282
2021-03-12;-0,282195
2021-03-11;-0,324400
2021-03-10;-0,299915
2021-03-09;-0,304165
2021-03-08;-0,275640
2021-03-05;-0,283780
2021-03-04;-0,307600
2021-03-03;-0,293597
2021-03-02;-0,309626
2021-03-01;-0,324043
2021-02-26;-0,245739
2021-02-25;-0,227424
2021-02-24;-0,259787
2021-02-23;-0,281875
2021-02-22;-0,328670
2021-02-19;-0,301457
2021-02-18;-0,315766
2021-02-17;-0,350053
2021-02-16;-0,347939
2021-02-15;-0,374650
2021-02-12;-0,416429
2021-02-11;-0,455240
2021-02-10;-0,448791
2021-02-09;-0,441837
2021-02-08;-0,420076
2021-02-05;-0,454709
2021-02-04;-0,448923
2021-02-03;-0,465703
2021-02-02;-0,485089
2021-02-01;-0,511204
2021-01-29;-0,512255
2021-01-28;-0,541738
2021-01-27;-0,557161
2021-01-26;-0,540520
2021-01-25;-0,551574
2021-01-22;-0,515058
2021-01-21;-0,500689
2021-01-20;-0,535760
2021-01-19;-0,518867
2021-01-18;-0,531180
2021-01-15;-0,543921
2021-01-14;-0,563357
2021-01-13;-0,526098
2021-01-12;-0,491226
2021-01-11;-0,515406
2021-01-08;-0,544604
2021-01-07;-0,542761
2021-01-06;-0,540184
2021-01-05;-0,575059
2021-01-04;-0,572085
2020-12-30;-0,570008
2020-12-29;-0,559971
2020-12-28;-0,539187
2020-12-23;-0,532451
2020-12-22;-0,573629
2020-12-21;-0,575863
2020-12-18;-0,562171
2020-12-17;-0,570191
2020-12-16;-0,545602
2020-12-15;-0,599476
2020-12-14;-0,593000
2020-12-11;-0,614810
2020-12-10;-0,583526
2020-12-09;-0,580264
2020-12-08;-0,588438
2020-12-07;-0,561302
2020-12-04;-0,529615
2020-12-03;-0,528528
2020-12-02;-0,489175
2020-12-01;-0,515658
2020-11-30;-0,549684
2020-11-27;-0,557506
2020-11-26;-0,557816
2020-11-25;-0,548716
2020-11-24;-0,556415
2020-11-23;-0,555630
2020-11-20;-0,564959
2020-11-19;-0,553382
2020-11-18;-0,539121
2020-11-17;-0,544080
2020-11-16;-0,530773
2020-11-13;-0,528995
2020-11-12;-0,507482
2020-11-11;-0,487669
2020-11-10;-0,456292
2020-11-09;-0,505353
2020-11-06;-0,587995
2020-11-05;-0,599404
2020-11-04;-0,618588
2020-11-03;-0,598153
2020-11-02;-0,605660
2020-10-30;-0,603486
2020-10-29;-0,603060
2020-10-28;-0,602137
2020-10-27;-0,584076
2020-10-26;-0,544087
2020-10-23;-0,534706
2020-10-22;-0,549363
2020-10-21;-0,561948
2020-10-20;-0,582855
2020-10-19;-0,583775
2020-10-16;-0,592992
2020-10-15;-0,593501
2020-10-14;-0,553963
2020-10-13;-0,530104
2020-10-12;-0,519732
2020-10-09;-0,515604
2020-10-08;-0,491100
2020-10-07;-0,466422
2020-10-06;-0,492170
2020-10-05;-0,487481
2020-10-02;-0,506679
2020-10-01;-0,485343
2020-09-30;-0,495366
2020-09-29;-0,501436
2020-09-28;-0,500158
2020-09-25;-0,496329
2020-09-24;-0,488148
2020-09-23;-0,480694
2020-09-22;-0,483961
2020-09-21;-0,501462
2020-09-18;-0,472965
2020-09-17;-0,473576
2020-09-16;-0,462887
2020-09-15;-0,453004
2020-09-14;-0,463855
2020-09-11;-0,435538
2020-09-10;-0,408594
2020-09-09;-0,435738
2020-09-08;-0,465297
2020-09-07;-0,434113
2020-09-04;-0,442624
2020-09-03;-0,460371
2020-09-02;-0,427050
2020-09-01;-0,373907
2020-08-31;-0,370767
2020-08-28;-0,390205
2020-08-27;-0,370160
2020-08-26;-0,390873
2020-08-25;-0,412150
2020-08-24;-0,478225
2020-08-21;-0,476416
2020-08-20;-0,485904
2020-08-19;-0,446294
2020-08-18;-0,422838
2020-08-17;-0,402036
2020-08-14;-0,395139
2020-08-13;-0,390531
2020-08-12;-0,435665
2020-08-11;-0,452688
2020-08-10;-0,506527
2020-08-07;-0,507236
2020-08-06;-0,519628
2020-08-05;-0,483281
2020-08-04;-0,532666
2020-08-03;-0,479127
2020-07-31;-0,493455
2020-07-30;-0,525730
2020-07-29;-0,478568
2020-07-28;-0,474620
2020-07-27;-0,459817
2020-07-24;-0,425282
2020-07-23;-0,456625
2020-07-22;-0,465131
2020-07-21;-0,429230
2020-07-20;-0,445144
2020-07-17;-0,428065
2020-07-16;-0,433424
2020-07-15;-0,393584
2020-07-14;-0,413393
2020-07-13;-0,388702
2020-07-10;-0,452336
2020-07-09;-0,422908
2020-07-08;-0,404654
2020-07-07;-0,396128
2020-07-06;-0,392748
2020-07-03;-0,401075
2020-07-02;-0,386808
2020-07-01;-0,364672
2020-06-30;-0,451160
2020-06-29;-0,420629
2020-06-26;-0,430363
2020-06-25;-0,431709
2020-06-24;-0,378568
2020-06-23;-0,385468
2020-06-22;-0,423582
2020-06-19;-0,387392
2020-06-18;-0,380166
2020-06-17;-0,363349
2020-06-16;-0,349857
2020-06-15;-0,374510
2020-06-12;-0,355062
2020-06-11;-0,340228
2020-06-10;-0,258287
2020-06-09;-0,256947
2020-06-08;-0,239923
2020-06-05;-0,201125
2020-06-04;-0,246643
2020-06-03;-0,287354
2020-06-02;-0,330835
2020-06-01;-0,318333
2020-05-29;-0,359221
2020-05-28;-0,340395
2020-05-27;-0,330153
2020-05-26;-0,347595
2020-05-25;-0,403349
2020-05-22;-0,399111
2020-05-21;-0,410376
2020-05-20;-0,401946
2020-05-19;-0,375484
2020-05-18;-0,416760
2020-05-15;-0,458468
2020-05-14;-0,447748
2020-05-13;-0,422587
2020-05-12;-0,387511
2020-05-11;-0,407583
2020-05-08;-0,420474
2020-05-07;-0,414961
2020-05-06;-0,417517
2020-05-05;-0,449714
2020-05-04;-0,444544
2020-04-30;-0,457709
2020-04-29;-0,412055
2020-04-28;-0,372474
2020-04-27;-0,355567
2020-04-24;-0,362594
2020-04-23;-0,335829
2020-04-22;-0,333314
2020-04-21;-0,370244
2020-04-20;-0,346847
2020-04-17;-0,370795
2020-04-16;-0,373759
2020-04-15;-0,375869
2020-04-14;-0,298859
2020-04-09;-0,252284
2020-04-08;-0,219077
2020-04-07;-0,248772
2020-04-06;-0,332669
2020-04-03;-0,367817
2020-04-02;-0,361805
2020-04-01;-0,379292
2020-03-31;-0,414222
2020-03-30;-0,450548
2020-03-27;-0,395260
2020-03-26;-0,268645
2020-03-25;-0,238365
2020-03-24;-0,266358
2020-03-23;-0,291236
2020-03-20;-0,248221
2020-03-19;-0,106926
2020-03-18;-0,178064
2020-03-17;-0,357496
2020-03-16;-0,392859
2020-03-13;-0,496485
2020-03-12;-0,682388
2020-03-11;-0,702523
2020-03-10;-0,739890
2020-03-09;-0,815215
2020-03-06;-0,690759
2020-03-05;-0,620700
2020-03-04;-0,586190
2020-03-03;-0,556071
2020-03-02;-0,588076
2020-02-28;-0,571962
2020-02-27;-0,502952
2020-02-26;-0,449644
2020-02-25;-0,454527
2020-02-24;-0,439755
2020-02-21;-0,410892
2020-02-20;-0,392499
2020-02-19;-0,371233
2020-02-18;-0,362830
2020-02-17;-0,364267
2020-02-14;-0,370508
2020-02-13;-0,348096
2020-02-12;-0,342818
2020-02-11;-0,358566
2020-02-10;-0,360952
2020-02-07;-0,356692
2020-02-06;-0,312101
2020-02-05;-0,325190
2020-02-04;-0,355814
2020-02-03;-0,402814
2020-01-31;-0,398208
2020-01-30;-0,363518
2020-01-29;-0,344815
2020-01-28;-0,334660
2020-01-27;-0,347404
2020-01-24;-0,289071
2020-01-23;-0,274776
2020-01-22;-0,241326
2020-01-21;-0,202430
2020-01-20;-0,196108
2020-01-17;-0,187660
2020-01-16;-0,195281
2020-01-15;-0,184417
2020-01-14;-0,158152
2020-01-13;-0,140672
2020-01-10;-0,171635
2020-01-09;-0,170480
2020-01-08;-0,204580
2020-01-07;-0,232130
2020-01-06;-0,247426
2020-01-03;-0,222926
2020-01-02;-0,173995
2019-12-30;-0,141614
2019-12-27;-0,191106
2019-12-23;-0,183688
2019-12-20;-0,175414
2019-12-19;-0,158831
2019-12-18;-0,195464
2019-12-17;-0,226450
2019-12-16;-0,233664
2019-12-13;-0,209293
2019-12-12;-0,232764
2019-12-11;-0,250099
2019-12-10;-0,232013
2019-12-09;-0,249035
2019-12-06;-0,235251
2019-12-05;-0,228960
2019-12-04;-0,279996
2019-12-03;-0,273688
2019-12-02;-0,225677
2019-11-29;-0,297304
2019-11-28;-0,310383
2019-11-27;-0,312407
2019-11-26;-0,327279
2019-11-25;-0,306116
2019-11-22;-0,297392
2019-11-21;-0,272656
2019-11-20;-0,310912
2019-11-19;-0,284160
2019-11-18;-0,290027
2019-11-15;-0,287183
2019-11-14;-0,286818
2019-11-13;-0,251545
2019-11-12;-0,197931
2019-11-11;-0,212340
2019-11-08;-0,210371
2019-11-07;-0,220153
2019-11-06;-0,278735
2019-11-05;-0,271068
2019-11-04;-0,302145
2019-11-01;-0,344116
2019-10-31;-0,364559
2019-10-30;-0,310801
2019-10-29;-0,301160
2019-10-28;-0,280790
2019-10-25;-0,328278
2019-10-24;-0,354018
2019-10-23;-0,352855
2019-10-22;-0,326007
2019-10-21;-0,297793
2019-10-18;-0,332088
2019-10-17;-0,353318
2019-10-16;-0,340690
2019-10-15;-0,419996
2019-10-14;-0,410976
2019-10-11;-0,404815
2019-10-10;-0,435553
2019-10-09;-0,519665
2019-10-08;-0,546318
2019-10-07;-0,535857
2019-10-04;-0,539501
2019-10-03;-0,545025
2019-10-02;-0,489058
2019-10-01;-0,491146
2019-09-30;-0,521020
2019-09-27;-0,540628
2019-09-26;-0,533009
2019-09-25;-0,562556
2019-09-24;-0,541300
2019-09-23;-0,539055
2019-09-20;-0,473455
2019-09-19;-0,456476
2019-09-18;-0,455548
2019-09-17;-0,435541
2019-09-16;-0,430055
2019-09-13;-0,442853
2019-09-12;-0,526438
2019-09-11;-0,521715
2019-09-10;-0,525988
2019-09-09;-0,529792
2019-09-06;-0,587504
2019-09-05;-0,540137
2019-09-04;-0,609342
2019-09-03;-0,655882
2019-09-02;-0,645934
2019-08-30;-0,652681
2019-08-29;-0,656719
2019-08-28;-0,680313
2019-08-27;-0,642399
2019-08-26;-0,619748
2019-08-23;-0,606845
2019-08-22;-0,600993
2019-08-21;-0,632465
2019-08-20;-0,659161
2019-08-19;-0,603555
2019-08-16;-0,669439
2019-08-15;-0,656036
2019-08-14;-0,615497
2019-08-13;-0,566503
2019-08-12;-0,557057
2019-08-09;-0,538943
2019-08-08;-0,527344
2019-08-07;-0,578293
2019-08-06;-0,504452
2019-08-05;-0,490411
2019-08-02;-0,452264
2019-08-01;-0,418789
2019-07-31;-0,390459
2019-07-30;-0,372733
2019-07-29;-0,369978
2019-07-26;-0,343509
2019-07-25;-0,312848
2019-07-24;-0,355612
2019-07-23;-0,318823
2019-07-22;-0,308391
2019-07-19;-0,294212
2019-07-18;-0,273230
2019-07-17;-0,266318
2019-07-16;-0,230198
2019-07-15;-0,223993
2019-07-12;-0,180230
2019-07-11;-0,205096
2019-07-10;-0,232252
2019-07-09;-0,282898
2019-07-08;-0,318567
2019-07-05;-0,281177
2019-07-04;-0,338654
2019-07-03;-0,323303
2019-07-02;-0,295685
2019-07-01;-0,282251
2019-06-28;-0,258894
2019-06-27;-0,247654
2019-06-26;-0,255153
2019-06-25;-0,266897
2019-06-24;-0,236256
2019-06-21;-0,220986
2019-06-20;-0,258981
2019-06-19;-0,228319
2019-06-18;-0,254129
2019-06-17;-0,180184
2019-06-14;-0,192624
2019-06-13;-0,184136
2019-06-12;-0,175479
2019-06-11;-0,173244
2019-06-10;-0,161522
2019-06-07;-0,205851
2019-06-06;-0,166810
2019-06-05;-0,167142
2019-06-04;-0,146288
2019-06-03;-0,143948
2019-05-31;-0,131734
2019-05-30;-0,098635
2019-05-29;-0,110094
2019-05-28;-0,085087
2019-05-27;-0,072754
2019-05-24;-0,046132
2019-05-23;-0,050595
2019-05-22;-0,015695
2019-05-21;-0,011013
2019-05-20;-0,027946
2019-05-17;-0,044620
2019-05-16;-0,028031
2019-05-15;-0,053947
2019-05-14;-0,017224
2019-05-13;-0,001242
2019-05-10;0,021031
2019-05-09;-0,005370
2019-05-08;0,001989
2019-05-07;0,019347
2019-05-06;0,061786
2019-05-03;0,065161
2019-05-02;0,059340
2019-04-30;0,076188
2019-04-29;0,056191
2019-04-26;0,030487
2019-04-25;0,039123
2019-04-24;0,039084
2019-04-23;0,084599
2019-04-18;0,072574
2019-04-17;0,127496
2019-04-16;0,107238
2019-04-15;0,115048
2019-04-12;0,090171
2019-04-11;0,030842
2019-04-10;0,012711
2019-04-09;0,039487
2019-04-08;0,051849
2019-04-05;0,049974
2019-04-04;0,044202
2019-04-03;0,055835
2019-04-02;0,011345
2019-04-01;0,008159
2019-03-29;-0,013429
2019-03-28;-0,023267
2019-03-27;-0,033656
2019-03-26;0,028091
2019-03-25;0,032600
2019-03-22;0,015575
2019-03-21;0,092686
2019-03-20;0,136818
2019-03-19;0,157105
2019-03-18;0,134080
2019-03-15;0,131042
2019-03-14;0,130004
2019-03-13;0,114725
2019-03-12;0,114725
2019-03-11;0,109082
2019-03-08;0,121971
2019-03-07;0,130980
2019-03-06;0,181114
2019-03-05;0,216518
2019-03-04;0,224723
2019-03-01;0,254949
2019-02-28;0,228133
2019-02-27;0,196749
2019-02-26;0,160104
2019-02-25;0,158318
2019-02-22;0,147910
2019-02-21;0,183939
2019-02-20;0,145499
2019-02-19;0,154112
2019-02-18;0,156501
2019-02-15;0,149304
2019-02-14;0,134636
2019-02-13;0,177969
2019-02-12;0,177672
2019-02-11;0,149467
2019-02-08;0,120907
2019-02-07;0,147331
2019-02-06;0,195084
2019-02-05;0,215628
2019-02-04;0,205785
2019-02-01;0,187606
2019-01-31;0,187607
2019-01-30;0,215259
2019-01-29;0,226802
2019-01-28;0,228987
2019-01-25;0,224522
2019-01-24;0,215953
2019-01-23;0,265246
2019-01-22;0,268080
2019-01-21;0,288168
2019-01-18;0,281107
2019-01-17;0,267209
2019-01-16;0,258042
2019-01-15;0,238859
2019-01-14;0,242607
2019-01-11;0,248701
2019-01-10;0,267474
2019-01-09;0,301113
2019-01-08;0,310582
2019-01-07;0,288875
2019-01-04;0,274661
2019-01-03;0,246228
2019-01-02;0,227773
2018-12-28;0,316223
2018-12-27;0,303968
2018-12-21;0,301981
2018-12-20;0,285043
2018-12-19;0,304867
2018-12-18;0,310050
2018-12-17;0,321513
2018-12-14;0,319578
2018-12-13;0,315010
2018-12-12;0,319403
2018-12-11;0,301006
2018-12-10;0,309115
2018-12-07;0,329250
2018-12-06;0,294693
2018-12-05;0,331146
2018-12-04;0,344788
2018-12-03;0,372579
2018-11-30;0,369032
2018-11-29;0,388294
2018-11-28;0,417794
2018-11-27;0,409579
2018-11-26;0,428407
2018-11-23;0,403429
2018-11-22;0,438467
2018-11-21;0,430075
2018-11-20;0,414057
2018-11-19;0,446694
2018-11-16;0,431219
2018-11-15;0,423584
2018-11-14;0,472402
2018-11-13;0,456197
2018-11-12;0,446773
2018-11-09;0,473475
2018-11-08;0,507662
2018-11-07;0,498155
2018-11-06;0,482266
2018-11-05;0,481359
2018-11-02;0,484693
2018-11-01;0,457466
2018-10-31;0,434257
2018-10-30;0,425327
2018-10-29;0,447828
2018-10-26;0,411343
2018-10-25;0,450225
2018-10-24;0,452822
2018-10-23;0,464753
2018-10-22;0,491282
2018-10-19;0,484777
2018-10-18;0,510780
2018-10-17;0,515331
2018-10-16;0,535380
2018-10-15;0,549031
2018-10-12;0,556840
2018-10-11;0,579435
2018-10-10;0,602277
2018-10-09;0,590655
2018-10-08;0,584799
2018-10-05;0,595808
2018-10-04;0,563143
2018-10-03;0,498537
2018-10-02;0,478078
2018-10-01;0,539267
2018-09-28;0,509128
2018-09-27;0,548630
2018-09-26;0,563233
2018-09-25;0,565446
2018-09-24;0,540390
2018-09-21;0,493228
2018-09-20;0,520274
2018-09-19;0,519392
2018-09-18;0,503912
2018-09-17;0,490856
2018-09-14;0,482929
2018-09-13;0,461593
2018-09-12;0,432200
2018-09-11;0,465166
2018-09-10;0,436548
2018-09-07;0,419957
2018-09-06;0,404488
2018-09-05;0,427953
2018-09-04;0,378736
2018-09-03;0,366308
2018-08-31;0,371909
2018-08-30;0,392273
2018-08-29;0,442649
2018-08-28;0,416767
2018-08-27;0,405901
2018-08-24;0,386736
2018-08-23;0,370156
2018-08-22;0,358034
2018-08-21;0,355129
2018-08-20;0,324351
2018-08-17;0,324373
2018-08-16;0,334541
2018-08-15;0,334728
2018-08-14;0,348191
2018-08-13;0,352140
2018-08-10;0,350882
2018-08-09;0,400256
2018-08-08;0,427338
2018-08-07;0,432328
2018-08-06;0,411768
2018-08-03;0,432691
2018-08-02;0,486887
2018-08-01;0,499614
2018-07-31;0,455340
2018-07-30;0,466801
2018-07-27;0,418530
2018-07-26;0,408693
2018-07-25;0,410133
2018-07-24;0,422936
2018-07-23;0,412976
2018-07-20;0,373768
2018-07-19;0,349904
2018-07-18;0,353032
2018-07-17;0,364348
2018-07-16;0,380319
2018-07-13;0,351296
2018-07-12;0,368500
2018-07-11;0,382103
2018-07-10;0,390726
2018-07-09;0,389374
2018-07-06;0,362142
2018-07-05;0,372925
2018-07-04;0,366454
2018-07-03;0,367780
2018-07-02;0,372806
2018-06-29;0,379056
2018-06-28;0,384136
2018-06-27;0,403643
2018-06-26;0,419619
2018-06-25;0,410356
2018-06-22;0,418218
2018-06-21;0,421250
2018-06-20;0,454339
2018-06-19;0,437481
2018-06-18;0,473904
2018-06-15;0,476254
2018-06-14;0,523486
2018-06-13;0,545187
2018-06-12;0,579570
2018-06-11;0,578347
2018-06-08;0,527201
2018-06-07;0,570430
2018-06-06;0,530916
2018-06-05;0,457404
2018-06-04;0,478934
2018-06-01;0,460792
2018-05-31;0,402467
2018-05-30;0,400422
2018-05-29;0,408926
2018-05-28;0,431265
2018-05-25;0,472715
2018-05-24;0,541149
2018-05-23;0,583833
2018-05-22;0,620133
2018-05-21;0,622119
2018-05-18;0,678812
2018-05-17;0,683835
2018-05-16;0,669383
2018-05-15;0,699666
2018-05-14;0,670558
2018-05-11;0,622381
2018-05-10;0,602243
2018-05-09;0,628827
2018-05-08;0,611346
2018-05-07;0,585991
2018-05-04;0,602189
2018-05-03;0,606465
2018-05-02;0,632955
2018-04-30;0,628679
2018-04-27;0,622784
2018-04-26;0,670969
2018-04-25;0,690065
2018-04-24;0,694978
2018-04-23;0,676887
2018-04-20;0,657763
2018-04-19;0,635971
2018-04-18;0,570995
2018-04-17;0,569132
2018-04-16;0,575937
2018-04-13;0,576641
2018-04-12;0,566418
2018-04-11;0,552260
2018-04-10;0,564737
2018-04-09;0,561172
2018-04-06;0,559924
2018-04-05;0,570174
2018-04-04;0,547333
2018-04-03;0,552061
2018-03-29;0,548439
2018-03-28;0,550797
2018-03-27;0,562103
2018-03-26;0,583654
2018-03-23;0,587486
2018-03-22;0,576025
2018-03-21;0,648396
2018-03-20;0,639114
2018-03-19;0,634644
2018-03-16;0,635039
2018-03-15;0,626721
2018-03-14;0,664289
2018-03-13;0,684713
2018-03-12;0,680959
2018-03-09;0,701804
2018-03-08;0,699953
2018-03-07;0,712685
2018-03-06;0,726653
2018-03-05;0,681125
2018-03-02;0,674833
2018-03-01;0,685940
2018-02-28;0,709144
2018-02-27;0,720851
2018-02-26;0,702036
2018-02-23;0,715356
2018-02-22;0,764330
2018-02-21;0,771691
2018-02-20;0,782435
2018-02-19;0,798327
2018-02-16;0,767967
2018-02-15;0,817711
2018-02-14;0,811059
2018-02-13;0,790353
2018-02-12;0,797957
2018-02-09;0,792738
2018-02-08;0,835412
2018-02-07;0,757513
2018-02-06;0,747246
2018-02-05;0,768196
2018-02-02;0,789113
2018-02-01;0,747780
2018-01-31;0,709876
2018-01-30;0,733062
2018-01-29;0,724711
2018-01-26;0,662264
2018-01-25;0,667717
2018-01-24;0,629474
2018-01-23;0,596955
2018-01-22;0,618495
2018-01-19;0,615235
2018-01-18;0,612054
2018-01-17;0,585791
2018-01-16;0,585651
2018-01-15;0,610234
2018-01-12;0,619102
2018-01-11;0,620156
2018-01-10;0,567946
2018-01-09;0,529019
2018-01-08;0,506896
2018-01-05;0,523487
2018-01-04;0,532726
2018-01-03;0,521837
2018-01-02;0,537615
2017-12-29;0,522043
2017-12-28;0,499750
2017-12-27;0,472845
2017-12-22;0,493208
2017-12-21;0,504804
2017-12-20;0,487323
2017-12-19;0,435077
2017-12-18;0,374565
2017-12-15;0,373475
2017-12-14;0,403504
2017-12-13;0,387570
2017-12-12;0,380711
2017-12-11;0,363520
2017-12-08;0,371493
2017-12-07;0,363538
2017-12-06;0,356170
2017-12-05;0,392118
2017-12-04;0,397994
2017-12-01;0,400968
2017-11-30;0,437042
2017-11-29;0,458418
2017-11-28;0,413427
2017-11-27;0,421492
2017-11-24;0,427751
2017-11-23;0,415434
2017-11-22;0,425845
2017-11-21;0,416515
2017-11-20;0,428315
2017-11-17;0,439068
2017-11-16;0,440928
2017-11-15;0,423620
2017-11-14;0,478869
2017-11-13;0,475092
2017-11-10;0,459161
2017-11-09;0,436469
2017-11-08;0,379609
2017-11-07;0,405511
2017-11-06;0,400209
2017-11-03;0,419418
2017-11-02;0,445427
2017-11-01;0,436547
2017-10-31;0,438550
2017-10-30;0,437866
2017-10-27;0,474006
2017-10-26;0,502356
2017-10-25;0,542535
2017-10-24;0,524531
2017-10-23;0,482286
2017-10-20;0,505376
2017-10-19;0,443334
2017-10-18;0,441162
2017-10-17;0,420169
2017-10-16;0,436246
2017-10-13;0,461155
2017-10-12;0,500009
2017-10-11;0,508327
2017-10-10;0,501538
2017-10-09;0,495594
2017-10-06;0,550377
2017-10-05;0,496242
2017-10-04;0,488717
2017-10-03;0,515484
2017-10-02;0,493246
2017-09-29;0,516253
2017-09-28;0,529963
2017-09-27;0,517925
2017-09-26;0,460154
2017-09-25;0,464400
2017-09-22;0,492107
2017-09-21;0,493025
2017-09-20;0,475383
2017-09-19;0,486137
2017-09-18;0,502892
2017-09-15;0,476890
2017-09-14;0,455768
2017-09-13;0,448144
2017-09-12;0,417879
2017-09-11;0,374887
2017-09-08;0,364147
2017-09-07;0,359704
2017-09-06;0,378955
2017-09-05;0,392738
2017-09-04;0,406978
2017-09-01;0,419553
2017-08-31;0,384654
2017-08-30;0,400036
2017-08-29;0,369720
2017-08-28;0,405743
2017-08-25;0,423885
2017-08-24;0,401918
2017-08-23;0,418339
2017-08-22;0,440948
2017-08-21;0,430972
2017-08-18;0,427469
2017-08-17;0,473119
2017-08-16;0,481420
2017-08-15;0,473368
2017-08-14;0,445465
2017-08-11;0,416112
2017-08-10;0,444193
2017-08-09;0,453818
2017-08-08;0,500081
2017-08-07;0,499327
2017-08-04;0,502579
2017-08-03;0,501364
2017-08-02;0,517289
2017-08-01;0,544943
2017-07-31;0,577101
2017-07-28;0,586223
2017-07-27;0,557976
2017-07-26;0,581378
2017-07-25;0,580128
2017-07-24;0,527043
2017-07-21;0,535187
2017-07-20;0,559412
2017-07-19;0,562771
2017-07-18;0,586686
2017-07-17;0,600842
2017-07-14;0,594838
2017-07-13;0,610335
2017-07-12;0,612041
2017-07-11;0,642235
2017-07-10;0,633116
2017-07-07;0,649733
2017-07-06;0,635038
2017-07-05;0,565135
2017-07-04;0,546399
2017-07-03;0,529051
2017-06-30;0,540920
2017-06-29;0,508294
2017-06-28;0,445867
2017-06-27;0,396673
2017-06-26;0,316562
2017-06-23;0,331197
2017-06-22;0,323214
2017-06-21;0,340383
2017-06-20;0,342727
2017-06-19;0,365865
2017-06-16;0,358069
2017-06-15;0,372701
2017-06-14;0,322745
2017-06-13;0,345027
2017-06-12;0,334246
2017-06-09;0,352251
2017-06-08;0,344331
2017-06-07;0,339493
2017-06-06;0,345820
2017-06-05;0,366700
2017-06-02;0,353101
2017-06-01;0,388510
2017-05-31;0,361687
2017-05-30;0,369263
2017-05-29;0,374773
2017-05-26;0,403180
2017-05-25;0,432990
2017-05-24;0,465640
2017-05-23;0,465193
2017-05-22;0,457936
2017-05-19;0,435844
2017-05-18;0,404864
2017-05-17;0,451125
2017-05-16;0,491834
2017-05-15;0,479816
2017-05-12;0,456323
2017-05-11;0,489226
2017-05-10;0,456886
2017-05-09;0,495223
2017-05-08;0,467617
2017-05-05;0,453712
2017-05-04;0,433481
2017-05-03;0,373764
2017-05-02;0,375301
2017-04-28;0,381992
2017-04-27;0,379178
2017-04-26;0,416949
2017-04-25;0,410302
2017-04-24;0,399682
2017-04-21;0,302579
2017-04-20;0,299550
2017-04-19;0,251062
2017-04-18;0,243672
2017-04-13;0,234562
2017-04-12;0,269397
2017-04-11;0,277539
2017-04-10;0,277838
2017-04-07;0,273969
2017-04-06;0,307751
2017-04-05;0,325282
2017-04-04;0,304547
2017-04-03;0,368814
2017-03-31;0,381402
2017-03-30;0,392187
2017-03-29;0,400139
2017-03-28;0,426598
2017-03-27;0,423181
2017-03-24;0,449546
2017-03-23;0,440358
2017-03-22;0,437988
2017-03-21;0,510062
2017-03-20;0,486089
2017-03-17;0,488707
2017-03-16;0,497902
2017-03-15;0,467313
2017-03-14;0,495951
2017-03-13;0,508858
2017-03-10;0,503834
2017-03-09;0,432263
2017-03-08;0,420772
2017-03-07;0,371655
2017-03-06;0,371804
2017-03-03;0,385432
2017-03-02;0,345341
2017-03-01;0,305110
2017-02-28;0,252148
2017-02-27;0,240257
2017-02-24;0,250505
2017-02-23;0,294129
2017-02-22;0,308911
2017-02-21;0,387445
2017-02-20;0,370873
2017-02-17;0,355951
2017-02-16;0,417139
2017-02-15;0,443807
2017-02-14;0,398458
2017-02-13;0,398666
2017-02-10;0,399113
2017-02-09;0,359820
2017-02-08;0,378548
2017-02-07;0,446526
2017-02-06;0,408080
2017-02-03;0,472977
2017-02-02;0,457321
2017-02-01;0,513337
2017-01-31;0,496979
2017-01-30;0,493383
2017-01-27;0,497228
2017-01-26;0,495228
2017-01-25;0,488779
2017-01-24;0,417758
2017-01-23;0,422468
2017-01-20;0,414296
2017-01-19;0,402441
2017-01-18;0,356768
2017-01-17;0,288612
2017-01-16;0,334929
2017-01-13;0,329043
2017-01-12;0,319190
2017-01-11;0,319198
2017-01-10;0,347367
2017-01-09;0,347276
2017-01-06;0,345411
2017-01-05;0,344468
2017-01-04;0,328245
2017-01-03;0,315610
2017-01-02;0,227263
2016-12-30;0,258126
2016-12-29;0,246972
2016-12-28;0,256049
2016-12-27;0,268794
2016-12-23;0,284799
2016-12-22;0,317597
2016-12-21;0,309620
2016-12-20;0,323412
2016-12-19;0,342636
2016-12-16;0,363110
2016-12-15;0,411561
2016-12-14;0,374185
2016-12-13;0,411278
2016-12-12;0,468199
2016-12-09;0,392885
2016-12-08;0,429606
2016-12-07;0,392176
2016-12-06;0,380005
2016-12-05;0,384298
2016-12-02;0,374597
2016-12-01;0,348299
2016-11-30;0,274346
2016-11-29;0,272263
2016-11-28;0,241508
2016-11-25;0,286332
2016-11-24;0,294404
2016-11-23;0,329146
2016-11-22;0,267406
2016-11-21;0,314188
2016-11-18;0,292232
2016-11-17;0,326136
2016-11-16;0,338762
2016-11-15;0,326454
2016-11-14;0,362109
2016-11-11;0,313460
2016-11-10;0,304154
2016-11-09;0,165340
2016-11-08;0,146330
2016-11-07;0,142677
2016-11-04;0,118903
2016-11-03;0,161632
2016-11-02;0,140761
2016-11-01;0,176821
2016-10-31;0,142942
2016-10-28;0,155924
2016-10-27;0,147855
2016-10-26;0,069673
2016-10-25;0,010490
2016-10-24;-0,007401
2016-10-21;-0,025054
2016-10-20;-0,006982
2016-10-19;-0,001886
2016-10-18;0,025837
2016-10-17;0,039202
2016-10-14;0,032679
2016-10-13;0,004728
2016-10-12;0,037701
2016-10-11;0,023489
2016-10-10;0,026097
2016-10-07;-0,025245
2016-10-06;-0,028150
2016-10-05;-0,059864
2016-10-04;-0,115330
2016-10-03;-0,138154
2016-09-30;-0,162052
2016-09-29;-0,141906
2016-09-28;-0,166124
2016-09-27;-0,163711
2016-09-26;-0,129321
2016-09-23;-0,102791
2016-09-22;-0,096530
2016-09-21;-0,025219
2016-09-20;-0,038920
2016-09-19;-0,002543
2016-09-16;-0,007230
2016-09-15;0,029610
2016-09-14;-0,001028
2016-09-13;-0,002031
2016-09-12;-0,002604
2016-09-09;-0,025405
2016-09-08;-0,125605
2016-09-07;-0,156121
2016-09-06;-0,105098
2016-09-05;-0,071920
2016-09-02;-0,072295
2016-09-01;-0,068116
2016-08-31;-0,117694
2016-08-30;-0,124288
2016-08-29;-0,103882
2016-08-26;-0,110260
2016-08-25;-0,097985
2016-08-24;-0,127157
2016-08-23;-0,137814
2016-08-22;-0,121885
2016-08-19;-0,108128
2016-08-18;-0,128683
2016-08-17;-0,094528
2016-08-16;-0,096889
2016-08-15;-0,113898
2016-08-12;-0,149384
2016-08-11;-0,146771
2016-08-10;-0,146100
2016-08-09;-0,113569
2016-08-08;-0,087980
2016-08-05;-0,113774
2016-08-04;-0,136261
2016-08-03;-0,093508
2016-08-02;-0,079924
2016-08-01;-0,154219
2016-07-29;-0,151797
2016-07-28;-0,121802
2016-07-27;-0,107934
2016-07-26;-0,084006
2016-07-25;-0,087806
2016-07-22;-0,052533
2016-07-21;-0,035896
2016-07-20;-0,059788
2016-07-19;-0,066591
2016-07-18;-0,075358
2016-07-15;-0,056795
2016-07-14;-0,065372
2016-07-13;-0,124496
2016-07-12;-0,094686
2016-07-11;-0,161821
2016-07-08;-0,160120
2016-07-07;-0,130928
2016-07-06;-0,154572
2016-07-05;-0,139593
2016-07-04;-0,107452
2016-07-01;-0,109504
2016-06-30;-0,104426
2016-06-29;-0,093658
2016-06-28;-0,063833
2016-06-27;-0,069989
2016-06-24;-0,024515
2016-06-23;0,111738
2016-06-22;0,090428
2016-06-21;0,074358
2016-06-20;0,084387
2016-06-17;0,048406
2016-06-16;0,019077
2016-06-15;0,030736
2016-06-14;0,036635
2016-06-13;0,057765
2016-06-10;0,046563
2016-06-09;0,059594
2016-06-08;0,097205
2016-06-07;0,106091
2016-06-06;0,131380
2016-06-03;0,123702
2016-06-02;0,175786
2016-06-01;0,175503
2016-05-31;0,222408
2016-05-30;0,223634
2016-05-27;0,170860
2016-05-26;0,198924
2016-05-25;0,203604
2016-05-24;0,222300
2016-05-23;0,228587
2016-05-20;0,228127
2016-05-19;0,208821
2016-05-18;0,234419
2016-05-17;0,186795
2016-05-16;0,200719
2016-05-13;0,190387
2016-05-12;0,196965
2016-05-11;0,169889
2016-05-10;0,172027
2016-05-09;0,197204
2016-05-06;0,220684
2016-05-05;0,241569
2016-05-04;0,277075
2016-05-03;0,253946
2016-05-02;0,328669
2016-04-29;0,343195
2016-04-28;0,318318
2016-04-27;0,356780
2016-04-26;0,345320
2016-04-25;0,327169
2016-04-22;0,288494
2016-04-21;0,260510
2016-04-20;0,201025
2016-04-19;0,228404
2016-04-18;0,201526
2016-04-15;0,185694
2016-04-14;0,205326
2016-04-13;0,203506
2016-04-12;0,200908
2016-04-11;0,233862
2016-04-08;0,195364
2016-04-07;0,185750
2016-04-06;0,209669
2016-04-05;0,182375
2016-04-04;0,226647
2016-04-01;0,225442
2016-03-31;0,262592
2016-03-30;0,266185
2016-03-29;0,248642
2016-03-24;0,286489
2016-03-23;0,331572
2016-03-22;0,319251
2016-03-21;0,321816
2016-03-18;0,302116
2016-03-17;0,332522
2016-03-16;0,376501
2016-03-15;0,405931
2016-03-14;0,356741
2016-03-11;0,369672
2016-03-10;0,321002
2016-03-09;0,344390
2016-03-08;0,289074
2016-03-07;0,328901
2016-03-04;0,326647
2016-03-03;0,310642
2016-03-02;0,308599
2016-03-01;0,252332
2016-02-29;0,218828
2016-02-26;0,257149
2016-02-25;0,258033
2016-02-24;0,242126
2016-02-23;0,324820
2016-02-22;0,293124
2016-02-19;0,298880
2016-02-18;0,332321
2016-02-17;0,377116
2016-02-16;0,385287
2016-02-15;0,361146
2016-02-12;0,335971
2016-02-11;0,310798
2016-02-10;0,358189
2016-02-09;0,359516
2016-02-08;0,346312
2016-02-05;0,409796
2016-02-04;0,401242
2016-02-03;0,405749
2016-02-02;0,405195
2016-02-01;0,429523
2016-01-29;0,439390
2016-01-28;0,498150
2016-01-27;0,551050
2016-01-26;0,544196
2016-01-25;0,570691
2016-01-22;0,591490
2016-01-21;0,536011
2016-01-20;0,586292
2016-01-19;0,645140
2016-01-18;0,632434
2016-01-15;0,629034
2016-01-14;0,645982
2016-01-13;0,676466
2016-01-12;0,726434
2016-01-11;0,703122
2016-01-08;0,676140
2016-01-07;0,701225
2016-01-06;0,663953
2016-01-05;0,696444
2016-01-04;0,702713
2015-12-30;0,768970
2015-12-29;0,768795
2015-12-28;0,736978
2015-12-23;0,753329
2015-12-22;0,705722
2015-12-21;0,668759
2015-12-18;0,673223
2015-12-17;0,731707
2015-12-16;0,778075
2015-12-15;0,766645
2015-12-14;0,687348
2015-12-11;0,645013
2015-12-10;0,692186
2015-12-09;0,696485
2015-12-08;0,686799
2015-12-07;0,713062
2015-12-04;0,788763
2015-12-03;0,709515
2015-12-02;0,584745
2015-12-01;0,585018
2015-11-30;0,580391
2015-11-27;0,555557
2015-11-26;0,583079
2015-11-25;0,572968
2015-11-24;0,614693
2015-11-23;0,629216
2015-11-20;0,576551
2015-11-19;0,595053
2015-11-18;0,635971
2015-11-17;0,649764
2015-11-16;0,648388
2015-11-13;0,666982
2015-11-12;0,725572
2015-11-11;0,736979
2015-11-10;0,755828
2015-11-09;0,800010
2015-11-06;0,782245
2015-11-05;0,708684
2015-11-04;0,675918
2015-11-03;0,673219
2015-11-02;0,672168
2015-10-30;0,629988
2015-10-29;0,607062
2015-10-28;0,567804
2015-10-27;0,548717
2015-10-26;0,595750
2015-10-23;0,610697
2015-10-22;0,576973
2015-10-21;0,686198
2015-10-20;0,733099
2015-10-19;0,666650
2015-10-16;0,654291
2015-10-15;0,651932
2015-10-14;0,658745
2015-10-13;0,691637
2015-10-12;0,677340
2015-10-09;0,711070
2015-10-08;0,681444
2015-10-07;0,711642
2015-10-06;0,718640
2015-10-05;0,653672
2015-10-02;0,591074
2015-10-01;0,650413
2015-09-30;0,703349
2015-09-29;0,698459
2015-09-28;0,708891
2015-09-25;0,749857
2015-09-24;0,672085
2015-09-23;0,702160
2015-09-22;0,713160
2015-09-21;0,776373
2015-09-18;0,739905
2015-09-17;0,872245
2015-09-16;0,859217
2015-09-15;0,819150
2015-09-14;0,738626
2015-09-11;0,760263
2015-09-10;0,784042
2015-09-09;0,812987
2015-09-08;0,774652
2015-09-07;0,762572
2015-09-04;0,779230
2015-09-03;0,841704
2015-09-02;0,900774
2015-09-01;0,898658
2015-08-31;0,820057
2015-08-28;0,789268
2015-08-27;0,828685
2015-08-26;0,808759
2015-08-25;0,812543
2015-08-24;0,637287
2015-08-21;0,680354
2015-08-20;0,669270
2015-08-19;0,740655
2015-08-18;0,726380
2015-08-17;0,704745
2015-08-14;0,730097
2015-08-13;0,718213
2015-08-12;0,694132
2015-08-11;0,708550
2015-08-10;0,757635
2015-08-07;0,750347
2015-08-06;0,795606
2015-08-05;0,824900
2015-08-04;0,722386
2015-08-03;0,699712
2015-07-31;0,728639
2015-07-30;0,742441
2015-07-29;0,784903
2015-07-28;0,782165
2015-07-27;0,751779
2015-07-24;0,774318
2015-07-23;0,825769
2015-07-22;0,832393
2015-07-21;0,854151
2015-07-20;0,832493
2015-07-17;0,861389
2015-07-16;0,949221
2015-07-15;0,919754
2015-07-14;1,000934
2015-07-13;1,033385
2015-07-10;1,038098
2015-07-09;0,882676
2015-07-08;0,840105
2015-07-07;0,836204
2015-07-06;0,943953
2015-07-03;0,991797
2015-07-02;1,038621
2015-07-01;1,011664
2015-06-30;0,952841
2015-06-29;0,986158
2015-06-26;1,072826
2015-06-25;1,003144
2015-06-24;0,968250
2015-06-23;1,027030
2015-06-22;1,024730
2015-06-19;0,913872
2015-06-18;0,943301
2015-06-17;0,960945
2015-06-16;0,960975
2015-06-15;0,945138
2015-06-12;0,981910
2015-06-11;1,016462
2015-06-10;1,075466
2015-06-09;1,056273
2015-06-08;0,976711
2015-06-05;0,954035
2015-06-04;0,927183
2015-06-03;0,930550
2015-06-02;0,753046
2015-06-01;0,592291
2015-05-29;0,609009
2015-05-28;0,628073
2015-05-27;0,659333
2015-05-26;0,677674
2015-05-25;0,708476
2015-05-22;0,708951
2015-05-21;0,724828
2015-05-20;0,700453
2015-05-19;0,708658
2015-05-18;0,746218
2015-05-15;0,737627
2015-05-14;0,790024
2015-05-13;0,738179
2015-05-12;0,774014
2015-05-11;0,656877
2015-05-08;0,621843
2015-05-07;0,656926
2015-05-06;0,628512
2015-05-05;0,540274
2015-05-04;0,481695
2015-04-30;0,416846
2015-04-29;0,324889
2015-04-28;0,221897
2015-04-27;0,233759
2015-04-24;0,227453
2015-04-23;0,224890
2015-04-22;0,200108
2015-04-21;0,162676
2015-04-20;0,134185
2015-04-17;0,137662
2015-04-16;0,153234
2015-04-15;0,173189
2015-04-14;0,210035
2015-04-13;0,226723
2015-04-10;0,235907
2015-04-09;0,237590
2015-04-08;0,255525
2015-04-07;0,269269
2015-04-02;0,262803
2015-04-01;0,236727
2015-03-31;0,263930
2015-03-30;0,273161
2015-03-27;0,289565
2015-03-26;0,298326
2015-03-25;0,297855
2015-03-24;0,290332
2015-03-23;0,277438
2015-03-20;0,240699
2015-03-19;0,244472
2015-03-18;0,256372
2015-03-17;0,319061
2015-03-16;0,292570
2015-03-13;0,298004
2015-03-12;0,267535
2015-03-11;0,239706
2015-03-10;0,268223
2015-03-09;0,353057
2015-03-06;0,412651
2015-03-05;0,393721
2015-03-04;0,421917
2015-03-03;0,414454
2015-03-02;0,380265
2015-02-27;0,369133
2015-02-26;0,346397
2015-02-25;0,393757
2015-02-24;0,447935
2015-02-23;0,431326
2015-02-20;0,410882
2015-02-19;0,448995
2015-02-18;0,450530
2015-02-17;0,415549
2015-02-16;0,405519
2015-02-13;0,397890
2015-02-12;0,401667
2015-02-11;0,429262
2015-02-10;0,441895
2015-02-09;0,418105
2015-02-06;0,409176
2015-02-05;0,416132
2015-02-04;0,408738
2015-02-03;0,384821
2015-02-02;0,353177
2015-01-30;0,393620
2015-01-29;0,414661
2015-01-28;0,433166
2015-01-27;0,439318
2015-01-26;0,423434
2015-01-23;0,421745
2015-01-22;0,614790
2015-01-21;0,545735
2015-01-20;0,501299
2015-01-19;0,484039
2015-01-16;0,485742
2015-01-15;0,495677
2015-01-14;0,492938
2015-01-13;0,552197
2015-01-12;0,555439
2015-01-09;0,610213
2015-01-08;0,598710
2015-01-07;0,564407
2015-01-06;0,530988
2015-01-05;0,591801
2015-01-02;0,611411
2014-12-31;0,648632
2014-12-30;0,648034
2014-12-29;0,664449
2014-12-24;0,711262
2014-12-23;0,710672
2014-12-22;0,716775
2014-12-19;0,723225
2014-12-18;0,735518
2014-12-17;0,696604
2014-12-16;0,691779
2014-12-15;0,748912
2014-12-12;0,746134
2014-12-11;0,776209
2014-12-10;0,794119
2014-12-09;0,803054
2014-12-08;0,823360
2014-12-05;0,874000
2014-12-04;0,855612
2014-12-03;0,863881
2014-12-02;0,854252
2014-12-01;0,807899
2014-11-28;0,801524
2014-11-27;0,811182
2014-11-26;0,849599
2014-11-25;0,865865
2014-11-24;0,893583
2014-11-21;0,889307
2014-11-20;0,921499
2014-11-19;0,957255
2014-11-18;0,909137
2014-11-17;0,918050
2014-11-14;0,906897
2014-11-13;0,915913
2014-11-12;0,914722
2014-11-11;0,938903
2014-11-10;0,936415
2014-11-07;0,945455
2014-11-06;0,946460
2014-11-05;0,942950
2014-11-04;0,930847
2014-11-03;0,964809
2014-10-31;0,963836
2014-10-30;0,973261
2014-10-29;1,014564
2014-10-28;1,013628
2014-10-27;1,008071
2014-10-24;1,019497
2014-10-23;1,019735
2014-10-22;1,011028
2014-10-21;1,009129
2014-10-20;0,985971
2014-10-17;1,007873
2014-10-16;0,931408
2014-10-15;0,893228
2014-10-14;0,971664
2014-10-13;1,024174
2014-10-10;1,010721
2014-10-09;1,008132
2014-10-08;1,015899
2014-10-07;1,034226
2014-10-06;1,037633
2014-10-03;1,055803
2014-10-02;1,036362
2014-10-01;1,013325
2014-09-30;1,058850
2014-09-29;1,071657
2014-09-26;1,090568
2014-09-25;1,093149
2014-09-24;1,111688
2014-09-23;1,134184
2014-09-22;1,142730
2014-09-19;1,171465
2014-09-18;1,222310
2014-09-17;1,180733
2014-09-16;1,186040
2014-09-15;1,174311
2014-09-12;1,208048
2014-09-11;1,158129
2014-09-10;1,166626
2014-09-09;1,147779
2014-09-08;1,068597
2014-09-05;1,075635
2014-09-04;1,102027
2014-09-03;1,110803
2014-09-02;1,089338
2014-09-01;1,036369
2014-08-29;1,031518
2014-08-28;1,014556
2014-08-27;1,025425
2014-08-26;1,077615
2014-08-25;1,089897
2014-08-22;1,131903
2014-08-21;1,138582
2014-08-20;1,139583
2014-08-19;1,161486
2014-08-18;1,177676
2014-08-15;1,161030
2014-08-14;1,170820
2014-08-13;1,205990
2014-08-12;1,217149
2014-08-11;1,212842
2014-08-08;1,202852
2014-08-07;1,242624
2014-08-06;1,258555
2014-08-05;1,319757
2014-08-04;1,282944
2014-08-01;1,316108
2014-07-31;1,338315
2014-07-30;1,292014
2014-07-29;1,265897
2014-07-28;1,289876
2014-07-25;1,305731
2014-07-24;1,335354
2014-07-23;1,295323
2014-07-22;1,325015
2014-07-21;1,302780
2014-07-18;1,308139
2014-07-17;1,330168
2014-07-16;1,355806
2014-07-15;1,349230
2014-07-14;1,378074
2014-07-11;1,367411
2014-07-10;1,359656
2014-07-09;1,391879
2014-07-08;1,395233
2014-07-07;1,434442
2014-07-04;1,429919
2014-07-03;1,479677
2014-07-02;1,454487
2014-07-01;1,426295
2014-06-30;1,438463
2014-06-27;1,438230
2014-06-26;1,427263
2014-06-25;1,457136
2014-06-24;1,511543
2014-06-23;1,507952
2014-06-20;1,537123
2014-06-19;1,491351
2014-06-18;1,565027
2014-06-17;1,582300
2014-06-16;1,539644
2014-06-13;1,569258
2014-06-12;1,582566
2014-06-11;1,576567
2014-06-10;1,575589
2014-06-09;1,538822
2014-06-06;1,524617
2014-06-05;1,632538
2014-06-04;1,633651
2014-06-03;1,618615
2014-06-02;1,556670
2014-05-30;1,557918
2014-05-29;1,527902
2014-05-28;1,526818
2014-05-27;1,574419
2014-05-26;1,592031
2014-05-23;1,601933
2014-05-22;1,597501
2014-05-21;1,631968
2014-05-20;1,608859
2014-05-19;1,582526
2014-05-16;1,574348
2014-05-15;1,560763
2014-05-14;1,606624
2014-05-13;1,663928
2014-05-12;1,699018
2014-05-09;1,688634
2014-05-08;1,689707
2014-05-07;1,722112
2014-05-06;1,697565
2014-05-05;1,691080
2014-05-02;1,706466
2014-04-30;1,720765
2014-04-29;1,750401
2014-04-28;1,736961
2014-04-25;1,717607
2014-04-24;1,747838
2014-04-23;1,767658
2014-04-22;1,771167
2014-04-17;1,735097
2014-04-16;1,717719
2014-04-15;1,743195
2014-04-14;1,751617
2014-04-11;1,745372
2014-04-10;1,779630
2014-04-09;1,825100
2014-04-08;1,808495
2014-04-07;1,783750
2014-04-04;1,804669
2014-04-03;1,855391
2014-04-02;1,857253
2014-04-01;1,826511
2014-03-31;1,822119
2014-03-28;1,794942
2014-03-27;1,781714
2014-03-26;1,802256
2014-03-25;1,822855
2014-03-24;1,836897
2014-03-21;1,871537
2014-03-20;1,900638
2014-03-19;1,842277
2014-03-18;1,813609
2014-03-17;1,800762
2014-03-14;1,786108
2014-03-13;1,816361
2014-03-12;1,841944
2014-03-11;1,895464
2014-03-10;1,862491
2014-03-07;1,901123
2014-03-06;1,891786
2014-03-05;1,852390
2014-03-04;1,838041
2014-03-03;1,817981
2014-02-28;1,880142
2014-02-27;1,805591
2014-02-26;1,861486
2014-02-25;1,904460
2014-02-24;1,932414
2014-02-21;1,911848
2014-02-20;1,929926
2014-02-19;1,903124
2014-02-18;1,920357
2014-02-17;1,932890
2014-02-14;1,928132
2014-02-13;1,915027
2014-02-12;1,940886
2014-02-11;1,930820
2014-02-10;1,916332
2014-02-07;1,905600
2014-02-06;1,931766
2014-02-05;1,879515
2014-02-04;1,883789
2014-02-03;1,879779
2014-01-31;1,894604
2014-01-30;1,943330
2014-01-29;1,961751
2014-01-28;1,988873
2014-01-27;1,981943
2014-01-24;1,981667
2014-01-23;2,025131
2014-01-22;2,070952
2014-01-21;2,045723
2014-01-20;2,039989
2014-01-17;2,073714
2014-01-16;2,089288
2014-01-15;2,141215
2014-01-14;2,119306
2014-01-13;2,128555
2014-01-10;2,160339
2014-01-09;2,198130
2014-01-08;2,179112
2014-01-07;2,178978
2014-01-06;2,199954
2014-01-03;2,235404
2014-01-02;2,242075
2013-12-31;2,240880
2013-12-30;2,238369
2013-12-27;2,235528
2013-12-24;2,163011
2013-12-23;2,161962
2013-12-20;2,160389
2013-12-19;2,152465
2013-12-18;2,114221
2013-12-17;2,106509
2013-12-16;2,107390
2013-12-13;2,110884
2013-12-12;2,112674
2013-12-11;2,103039
2013-12-10;2,099613
2013-12-09;2,108412
2013-12-06;2,128213
2013-12-05;2,114459
2013-12-04;2,060605
2013-12-03;2,014172
2013-12-02;2,021489
2013-11-29;1,986584
2013-11-28;1,984244
2013-11-27;1,993419
2013-11-26;1,986783
2013-11-25;1,992063
2013-11-22;2,026576
2013-11-21;2,049402
2013-11-20;2,007396
2013-11-19;1,990255
2013-11-18;1,979258
2013-11-15;1,995023
2013-11-14;1,993667
2013-11-13;2,027817
2013-11-12;2,060363
2013-11-11;2,020459
2013-11-08;2,027700
2013-11-07;1,961857
2013-11-06;2,016150
2013-11-05;2,005796
2013-11-04;1,942938
2013-11-01;1,956850
2013-10-31;1,951829
2013-10-30;1,985577
2013-10-29;2,019303
2013-10-28;2,019822
2013-10-25;2,035767
2013-10-24;2,028362
2013-10-23;2,045697
2013-10-22;2,070429
2013-10-21;2,116398
2013-10-18;2,114630
2013-10-17;2,166065
2013-10-16;2,211400
2013-10-15;2,158786
2013-10-14;2,140927
2013-10-11;2,135646
2013-10-10;2,140920
2013-10-09;2,084218
2013-10-08;2,092564
2013-10-07;2,075121
2013-10-04;2,109536
2013-10-03;2,085933
2013-10-02;2,064056
2013-10-01;2,057781
2013-09-30;2,054939
2013-09-27;2,053248
2013-09-26;2,097886
2013-09-25;2,101875
2013-09-24;2,125180
2013-09-23;2,190090
2013-09-20;2,219703
2013-09-19;2,183883
2013-09-18;2,250093
2013-09-17;2,217296
2013-09-16;2,187547
2013-09-13;2,226618
2013-09-12;2,240911
2013-09-11;2,305142
2013-09-10;2,350572
2013-09-09;2,264476
2013-09-06;2,250544
2013-09-05;2,338728
2013-09-04;2,225763
2013-09-03;2,217620
2013-09-02;2,204514
2013-08-30;2,173576
2013-08-29;2,159343
2013-08-28;2,158289
2013-08-27;2,148711
2013-08-26;2,179667
2013-08-23;2,247823
2013-08-22;2,198780
2013-08-21;2,183529
2013-08-20;2,141117
2013-08-19;2,182755
2013-08-16;2,131269
2013-08-15;2,146103
2013-08-14;2,078026
2013-08-13;2,050766
2013-08-12;1,957748
2013-08-09;1,948736
2013-08-08;1,956455
2013-08-07;1,964113
2013-08-06;1,966876
2013-08-05;1,953312
2013-08-02;1,927810
2013-08-01;1,939327
2013-07-31;1,954950
2013-07-30;1,939241
2013-07-29;1,947329
2013-07-26;1,934326
2013-07-25;1,939367
2013-07-24;1,899139
2013-07-23;1,841811
2013-07-22;1,795067
2013-07-19;1,800881
2013-07-18;1,816398
2013-07-17;1,831635
2013-07-16;1,846315
2013-07-15;1,849240
2013-07-12;1,961219
2013-07-11;2,021894
2013-07-10;2,045899
2013-07-09;2,038408
2013-07-08;2,073012
2013-07-05;2,104258
2013-07-04;2,016618
2013-07-03;2,051910
2013-07-02;2,078969
2013-07-01;2,104018
2013-06-28;2,137255
2013-06-27;2,080871
2013-06-26;2,152379
2013-06-25;2,221579
2013-06-24;2,239534
2013-06-21;2,083792
2013-06-20;2,027820
2013-06-19;1,878353
2013-06-18;1,894065
2013-06-17;1,849000
2013-06-14;1,848656
2013-06-13;1,910480
2013-06-12;1,960547
2013-06-11;1,980350
2013-06-10;1,901305
2013-06-07;1,875219
2013-06-06;1,892252
2013-06-05;1,844161
2013-06-04;1,876349
2013-06-03;1,864477
2013-05-31;1,842756
2013-05-30;1,830405
2013-05-29;1,838245
2013-05-28;1,791955
2013-05-27;1,758166
2013-05-24;1,727861
2013-05-23;1,709799
2013-05-22;1,673614
2013-05-21;1,738464
2013-05-20;1,664960
2013-05-17;1,655920
2013-05-16;1,668486
2013-05-15;1,709356
2013-05-14;1,706611
2013-05-13;1,711854
2013-05-10;1,705251
2013-05-09;1,617558
2013-05-08;1,624059
2013-05-07;1,629473
2013-05-06;1,600352
2013-05-03;1,589657
2013-05-02;1,541745
2013-04-30;1,550318
2013-04-29;1,571189
2013-04-26;1,587219
2013-04-25;1,600156
2013-04-24;1,596947
2013-04-23;1,599395
2013-04-22;1,597577
2013-04-19;1,642714
2013-04-18;1,615288
2013-04-17;1,642402
2013-04-16;1,648103
2013-04-15;1,648441
2013-04-12;1,664056
2013-04-11;1,685926
2013-04-10;1,697821
2013-04-09;1,630294
2013-04-08;1,581329
2013-04-05;1,577776
2013-04-04;1,695641
2013-04-03;1,748307
2013-04-02;1,779443
2013-03-28;1,759226
2013-03-27;1,743487
2013-03-26;1,800575
2013-03-25;1,774323
2013-03-22;1,783562
2013-03-21;1,767636
2013-03-20;1,803429
2013-03-19;1,787515
2013-03-18;1,805630
2013-03-15;1,852348
2013-03-14;1,868900
2013-03-13;1,866980
2013-03-12;1,873012
2013-03-11;1,882907
2013-03-08;1,890997
2013-03-07;1,880909
2013-03-06;1,860953
2013-03-05;1,847687
2013-03-04;1,833209
2013-03-01;1,839016
2013-02-28;1,880492
2013-02-27;1,866287
2013-02-26;1,918728
2013-02-25;2,005285
2013-02-22;1,962339
2013-02-21;1,978471
2013-02-20;2,032461
2013-02-19;2,010240
2013-02-18;2,007630
2013-02-15;2,009613
2013-02-14;2,016153
2013-02-13;2,040446
2013-02-12;2,000952
2013-02-11;1,972391
2013-02-08;1,975132
2013-02-07;1,984445
2013-02-06;1,992288
2013-02-05;2,012044
2013-02-04;1,991540
2013-02-01;1,978888
2013-01-31;2,020655
2013-01-30;2,044011
2013-01-29;2,001328
2013-01-28;2,014669
2013-01-25;1,957262
2013-01-24;1,896121
2013-01-23;1,889997
2013-01-22;1,907244
2013-01-21;1,910709
2013-01-18;1,908090
2013-01-17;1,944995
2013-01-16;1,897468
2013-01-15;1,901237
2013-01-14;1,917318
2013-01-11;1,963021
2013-01-10;1,939365
2013-01-09;1,875604
2013-01-08;1,880086
2013-01-07;1,909509
2013-01-04;1,928053
2013-01-03;1,879277
2013-01-02;1,833628
2012-12-31;1,722533
2012-12-28;1,722031
2012-12-27;1,750463
2012-12-24;1,773755
2012-12-21;1,770973
2012-12-20;1,786417
2012-12-19;1,817865
2012-12-18;1,798783
2012-12-17;1,776870
2012-12-14;1,747551
2012-12-13;1,747275
2012-12-12;1,746482
2012-12-11;1,753106
2012-12-10;1,727098
2012-12-07;1,732483
2012-12-06;1,757009
2012-12-05;1,770241
2012-12-04;1,813064
2012-12-03;1,827844
2012-11-30;1,795105
2012-11-29;1,808132
2012-11-28;1,791520
2012-11-27;1,880309
2012-11-26;1,882308
2012-11-23;1,902547
2012-11-22;1,906727
2012-11-21;1,904484
2012-11-20;1,865182
2012-11-19;1,821386
2012-11-16;1,809334
2012-11-15;1,817872
2012-11-14;1,822111
2012-11-13;1,798225
2012-11-12;1,822845
2012-11-09;1,823963
2012-11-08;1,857334
2012-11-07;1,861441
2012-11-06;1,908257
2012-11-05;1,911812
2012-11-02;1,926781
2012-11-01;1,946770
2012-10-31;1,949500
2012-10-30;1,943555
2012-10-29;1,949254
2012-10-26;1,976015
2012-10-25;2,027863
2012-10-24;2,000837
2012-10-23;1,997161
2012-10-22;2,013751
2012-10-19;2,013965
2012-10-18;2,034868
2012-10-17;2,038483
2012-10-16;1,977406
2012-10-15;1,906677
2012-10-12;1,920498
2012-10-11;1,951870
2012-10-10;1,956096
2012-10-09;1,979783
2012-10-08;1,985942
2012-10-05;2,011333
2012-10-04;1,975094
2012-10-03;1,953797
2012-10-02;1,966487
2012-10-01;1,969138
2012-09-28;1,940148
2012-09-27;1,958805
2012-09-26;1,970939
2012-09-25;2,043602
2012-09-24;2,060383
2012-09-21;2,073937
2012-09-20;2,066656
2012-09-19;2,076311
2012-09-18;2,075959
2012-09-17;2,117005
2012-09-14;2,119992
2012-09-13;2,009848
2012-09-12;2,082242
2012-09-11;2,024343
2012-09-10;2,047104
2012-09-07;2,022051
2012-09-06;2,033391
2012-09-05;1,967705
2012-09-04;1,947899
2012-09-03;1,909228
2012-08-31;1,914441
2012-08-30;1,895506
2012-08-29;1,916786
2012-08-28;1,870433
2012-08-27;1,869731
2012-08-24;1,849408
2012-08-23;1,901172
2012-08-22;1,967070
2012-08-21;2,021035
2012-08-20;1,990230
2012-08-17;1,994386
2012-08-16;1,984608
2012-08-15;1,989057
2012-08-14;1,930178
2012-08-13;1,928553
2012-08-10;1,849761
2012-08-09;1,905543
2012-08-08;1,914403
2012-08-07;1,958918
2012-08-06;1,902705
2012-08-03;1,844507
2012-08-02;1,829207
2012-08-01;1,896456
2012-07-31;1,871463
2012-07-30;1,947768
2012-07-27;1,964219
2012-07-26;1,926720
2012-07-25;1,945119
2012-07-24;1,921149
2012-07-23;1,818843
2012-07-20;1,768614
2012-07-19;1,814889
2012-07-18;1,822227
2012-07-17;1,836955
2012-07-16;1,862742
2012-07-13;1,906850
2012-07-12;1,922705
2012-07-11;1,949220
2012-07-10;2,008910
2012-07-09;2,014189
2012-07-06;2,003005
2012-07-05;2,107256
2012-07-04;2,166209
2012-07-03;2,208747
2012-07-02;2,248423
2012-06-29;2,315738
2012-06-28;2,244021
2012-06-27;2,252352
2012-06-26;2,230782
2012-06-25;2,184348
2012-06-22;2,246036
2012-06-21;2,238723
2012-06-20;2,292738
2012-06-19;2,213830
2012-06-18;2,139527
2012-06-15;2,154030
2012-06-14;2,211770
2012-06-13;2,222763
2012-06-12;2,178756
2012-06-11;2,075626
2012-06-08;2,031280
2012-06-07;2,080572
2012-06-06;1,945174
2012-06-05;1,841837
2012-06-04;1,839348
2012-06-01;1,764327
2012-05-31;1,887070
2012-05-30;2,003235
2012-05-29;2,045460
2012-05-28;2,057176
2012-05-25;2,053131
2012-05-24;2,070716
2012-05-23;2,169335
2012-05-22;2,230201
2012-05-21;2,232623
2012-05-18;2,223842
2012-05-17;2,238955
2012-05-16;2,282477
2012-05-15;2,258494
2012-05-14;2,231995
2012-05-11;2,295206
2012-05-10;2,345026
2012-05-09;2,352901
2012-05-08;2,329514
2012-05-07;2,369283
2012-05-04;2,395729
2012-05-03;2,437547
2012-05-02;2,452640
2012-04-30;2,471095
2012-04-27;2,501595
2012-04-26;2,551122
2012-04-25;2,555327
2012-04-24;2,568784
2012-04-23;2,589309
2012-04-20;2,600920
2012-04-19;2,550101
2012-04-18;2,541976
2012-04-17;2,554341
2012-04-16;2,542798
2012-04-13;2,515501
2012-04-12;2,521797
2012-04-11;2,565910
2012-04-10;2,578627
2012-04-05;2,603025
2012-04-04;2,587506
2012-04-03;2,584466
2012-04-02;2,568136
2012-03-30;2,599159
2012-03-29;2,637662
2012-03-28;2,663938
2012-03-27;2,669325
2012-03-26;2,672746
2012-03-23;2,643707
2012-03-22;2,690367
2012-03-21;2,711534
2012-03-20;2,746433
2012-03-19;2,733106
2012-03-16;2,764680
2012-03-15;2,675381
2012-03-14;2,629046
2012-03-13;2,562065
2012-03-12;2,527566
2012-03-09;2,537306
2012-03-08;2,536555
2012-03-07;2,552143
2012-03-06;2,565187
2012-03-05;2,557438
2012-03-02;2,532225
2012-03-01;2,561503
2012-02-29;2,590988
2012-02-28;2,592481
2012-02-27;2,600288
2012-02-24;2,630551
2012-02-23;2,634475
2012-02-22;2,674352
2012-02-21;2,695294
2012-02-20;2,680416
2012-02-17;2,681881
2012-02-16;2,644555
2012-02-15;2,636132
2012-02-14;2,641740
2012-02-13;2,631230
2012-02-10;2,659373
2012-02-09;2,682373
2012-02-08;2,677400
2012-02-07;2,665410
2012-02-06;2,637691
2012-02-03;2,649814
2012-02-02;2,627758
2012-02-01;2,633599
2012-01-31;2,665752
2012-01-30;2,634370
2012-01-27;2,675928
2012-01-26;2,719418
2012-01-25;2,792213
2012-01-24;2,811981
2012-01-23;2,765793
2012-01-20;2,704383
2012-01-19;2,658553
2012-01-18;2,621515
2012-01-17;2,595342
2012-01-16;2,579413
2012-01-13;2,579932
2012-01-12;2,607854
2012-01-11;2,690639
2012-01-10;2,746027
2012-01-09;2,757489
2012-01-06;2,788371
2012-01-05;2,784807
2012-01-04;2,776691
2012-01-03;2,744522
2012-01-02;2,717862
2011-12-30;2,645128
2011-12-29;2,633834
2011-12-28;2,648529
2011-12-27;2,654591
2011-12-23;2,675028
2011-12-22;2,692364
2011-12-21;2,687010
2011-12-20;2,707248
2011-12-19;2,655171
2011-12-16;2,636322
2011-12-15;2,674187
2011-12-14;2,722550
2011-12-13;2,830456
2011-12-12;2,822977
2011-12-09;2,861056
2011-12-08;2,888165
2011-12-07;2,872751
2011-12-06;2,943700
2011-12-05;2,898621
2011-12-02;2,931845
2011-12-01;2,982077
2011-11-30;3,071947
2011-11-29;3,167157
2011-11-28;3,167566
2011-11-25;3,185549
2011-11-24;3,120227
2011-11-23;3,079768
2011-11-22;2,973015
2011-11-21;2,903876
2011-11-18;2,977028
2011-11-17;2,965433
2011-11-16;2,956954
2011-11-15;2,920606
2011-11-14;2,825436
2011-11-11;2,824113
2011-11-10;2,737207
2011-11-09;2,624486
2011-11-08;2,683286
2011-11-07;2,677437
2011-11-04;2,674832
2011-11-03;2,751797
2011-11-02;2,680757
2011-11-01;2,604445
2011-10-31;2,788549
2011-10-28;2,870759
2011-10-27;2,833391
2011-10-26;2,763099
2011-10-25;2,813860
2011-10-24;2,834690
2011-10-21;2,848021
2011-10-20;2,815198
2011-10-19;2,811345
2011-10-18;2,755677
2011-10-17;2,764965
2011-10-14;2,858517
2011-10-13;2,743568
2011-10-12;2,786554
2011-10-11;2,697335
2011-10-10;2,679774
2011-10-07;2,609591
2011-10-06;2,507412
2011-10-05;2,480795
2011-10-04;2,355656
2011-10-03;2,439028
2011-09-30;2,483376
2011-09-29;2,572745
2011-09-28;2,560032
2011-09-27;2,564854
2011-09-26;2,391911
2011-09-23;2,348895
2011-09-22;2,374225
2011-09-21;2,428466
2011-09-20;2,406395
2011-09-19;2,400035
2011-09-16;2,493512
2011-09-15;2,605163
2011-09-14;2,483235
2011-09-13;2,436512
2011-09-12;2,337531
2011-09-09;2,421592
2011-09-08;2,451650
2011-09-07;2,583009
2011-09-06;2,558978
2011-09-05;2,559797
2011-09-02;2,657324
2011-09-01;2,772030
2011-08-31;2,763444
2011-08-30;2,703089
2011-08-29;2,780004
2011-08-26;2,680315
2011-08-25;2,744612
2011-08-24;2,746259
2011-08-23;2,665120
2011-08-22;2,704736
2011-08-19;2,674672
2011-08-18;2,645947
2011-08-17;2,808896
2011-08-16;2,862908
2011-08-15;2,859597
2011-08-12;2,870389
2011-08-11;2,831537
2011-08-10;2,843153
2011-08-09;2,936189
2011-08-08;2,950513
2011-08-05;2,971546
2011-08-04;2,955502
2011-08-03;3,005593
2011-08-02;2,992577
2011-08-01;3,028684
2011-07-29;3,057386
2011-07-28;3,116904
2011-07-27;3,101424
2011-07-26;3,203335
2011-07-25;3,238655
2011-07-22;3,256352
2011-07-21;3,287695
2011-07-20;3,204101
2011-07-19;3,182064
2011-07-18;3,146939
2011-07-15;3,170801
2011-07-14;3,248653
2011-07-13;3,211943
2011-07-12;3,216700
2011-07-11;3,185715
2011-07-08;3,298180
2011-07-07;3,391810
2011-07-06;3,348311
2011-07-05;3,403992
2011-07-04;3,405749
2011-07-01;3,421193
2011-06-30;3,407358
2011-06-29;3,395221
2011-06-28;3,358786
2011-06-27;3,324163
2011-06-24;3,296271
2011-06-23;3,303761
2011-06-22;3,370798
2011-06-21;3,371619
2011-06-20;3,369974
2011-06-17;3,352448
2011-06-16;3,339857
2011-06-15;3,358897
2011-06-14;3,364326
2011-06-13;3,323546
2011-06-10;3,320214
2011-06-09;3,362042
2011-06-08;3,385041
2011-06-07;3,392548
2011-06-06;3,349780
2011-06-03;3,319313
2011-06-02;3,316884
2011-06-01;3,336355
2011-05-31;3,365377
2011-05-30;3,314686
2011-05-27;3,317806
2011-05-26;3,334435
2011-05-25;3,372816
2011-05-24;3,391302
2011-05-23;3,365880
2011-05-20;3,397141
2011-05-19;3,471469
2011-05-18;3,415743
2011-05-17;3,426915
2011-05-16;3,433675
2011-05-13;3,412645
2011-05-12;3,424645
2011-05-11;3,452352
2011-05-10;3,432823
2011-05-09;3,413718
2011-05-06;3,476685
2011-05-05;3,548174
2011-05-04;3,579414
2011-05-03;3,550774
2011-05-02;3,554107
2011-04-29;3,554150
2011-04-28;3,568142
2011-04-27;3,606681
2011-04-26;3,577595
2011-04-21;3,581579
2011-04-20;3,597929
2011-04-19;3,593899
2011-04-18;3,611014
2011-04-15;3,673592
2011-04-14;3,683585
2011-04-13;3,728592
2011-04-12;3,714134
2011-04-11;3,743542
2011-04-08;3,745222
2011-04-07;3,708893
2011-04-06;3,701149
2011-04-05;3,665011
2011-04-04;3,672499
2011-04-01;3,687709
2011-03-31;3,657761
2011-03-30;3,655605
2011-03-29;3,612573
2011-03-28;3,615080
2011-03-25;3,574325
2011-03-24;3,562081
2011-03-23;3,538280
2011-03-22;3,542543
2011-03-21;3,528763
2011-03-18;3,484190
2011-03-17;3,464776
2011-03-16;3,398717
2011-03-15;3,437158
2011-03-14;3,508704
2011-03-11;3,518955
2011-03-10;3,551868
2011-03-09;3,598114
2011-03-08;3,588456
2011-03-07;3,613675
2011-03-04;3,589166
2011-03-03;3,613424
2011-03-02;3,520356
2011-03-01;3,528405
2011-02-28;3,489910
2011-02-25;3,473883
2011-02-24;3,456340
2011-02-23;3,449844
2011-02-22;3,481590
2011-02-21;3,509956
2011-02-18;3,552533
2011-02-17;3,534896
2011-02-16;3,558697
2011-02-15;3,626192
2011-02-14;3,615150
2011-02-11;3,586265
2011-02-10;3,614178
2011-02-09;3,607555
2011-02-08;3,584330
2011-02-07;3,590875
2011-02-04;3,557552
2011-02-03;3,565726
2011-02-02;3,521654
2011-02-01;3,556807
2011-01-31;3,493013
2011-01-28;3,512767
2011-01-27;3,506199
2011-01-26;3,497934
2011-01-25;3,461787
2011-01-24;3,457467
2011-01-21;3,497470
2011-01-20;3,488672
2011-01-19;3,433533
2011-01-18;3,441884
2011-01-17;3,380505
2011-01-14;3,359474
2011-01-13;3,403502
2011-01-12;3,394832
2011-01-11;3,295761
2011-01-10;3,274024
2011-01-07;3,328732
2011-01-06;3,365845
2011-01-05;3,308689
2011-01-04;3,307664
2011-01-03;3,352627
2010-12-31;3,361703
2010-12-30;3,358578
2010-12-29;3,396477
2010-12-28;3,328691
2010-12-27;3,387806
2010-12-24;3,331850
2010-12-23;3,329693
2010-12-22;3,306917
2010-12-21;3,321577
2010-12-20;3,321265
2010-12-17;3,387731
2010-12-16;3,417723
2010-12-15;3,380266
2010-12-14;3,364122
2010-12-13;3,323312
2010-12-10;3,308169
2010-12-09;3,292268
2010-12-08;3,358332
2010-12-07;3,311182
2010-12-06;3,241743
2010-12-03;3,275398
2010-12-02;3,202665
2010-12-01;3,167471
2010-11-30;3,107874
2010-11-29;3,119902
2010-11-26;3,093908
2010-11-25;3,067895
2010-11-24;3,032739
2010-11-23;2,937894
2010-11-22;3,015624
2010-11-19;3,052259
2010-11-18;3,046898
2010-11-17;2,967345
2010-11-16;2,941144
2010-11-15;2,916759
2010-11-12;2,870528
2010-11-11;2,822180
2010-11-10;2,780015
2010-11-09;2,765316
2010-11-08;2,757542
2010-11-05;2,786346
2010-11-04;2,770306
2010-11-03;2,748031
2010-11-02;2,802472
2010-11-01;2,827473
2010-10-29;2,857754
2010-10-28;2,866247
2010-10-27;2,893071
2010-10-26;2,827148
2010-10-25;2,789957
2010-10-22;2,803992
2010-10-21;2,802207
2010-10-20;2,771310
2010-10-19;2,759141
2010-10-18;2,739823
2010-10-15;2,721555
2010-10-14;2,669213
2010-10-13;2,650822
2010-10-12;2,608402
2010-10-11;2,645886
2010-10-08;2,654107
2010-10-07;2,640352
2010-10-06;2,614113
2010-10-05;2,640641
2010-10-04;2,634602
2010-10-01;2,718026
2010-09-30;2,672249
2010-09-29;2,627540
2010-09-28;2,620714
2010-09-27;2,648876
2010-09-24;2,699661
2010-09-23;2,671896
2010-09-22;2,723597
2010-09-21;2,801789
2010-09-20;2,799979
2010-09-17;2,764496
2010-09-16;2,831315
2010-09-15;2,736581
2010-09-14;2,688946
2010-09-13;2,741565
2010-09-10;2,694107
2010-09-09;2,640941
2010-09-08;2,624951
2010-09-07;2,601587
2010-09-06;2,661996
2010-09-03;2,678106
2010-09-02;2,609945
2010-09-01;2,559180
2010-08-31;2,477799
2010-08-30;2,495263
2010-08-27;2,474865
2010-08-26;2,502185
2010-08-25;2,470677
2010-08-24;2,519969
2010-08-23;2,629557
2010-08-20;2,624031
2010-08-19;2,658537
2010-08-18;2,661282
2010-08-17;2,713901
2010-08-16;2,696130
2010-08-13;2,770085
2010-08-12;2,765534
2010-08-11;2,782041
2010-08-10;2,865604
2010-08-09;2,831814
2010-08-06;2,840479
2010-08-05;2,891292
2010-08-04;2,932114
2010-08-03;2,959833
2010-08-02;3,041723
2010-07-30;3,008491
2010-07-29;3,046705
2010-07-28;3,056110
2010-07-27;3,079522
2010-07-26;3,055137
2010-07-23;3,026427
2010-07-22;3,029115
2010-07-21;2,996051
2010-07-20;2,987988
2010-07-19;3,012057
2010-07-16;2,987636
2010-07-15;3,015996
2010-07-14;2,966473
2010-07-13;2,967091
2010-07-12;2,952715
2010-07-09;2,977673
2010-07-08;3,001709
2010-07-07;2,981678
2010-07-06;2,987057
2010-07-05;2,948422
2010-07-02;3,001697
2010-07-01;3,010328
2010-06-30;3,025257
2010-06-29;3,017826
2010-06-28;3,061273
2010-06-25;3,083002
2010-06-24;3,066356
2010-06-23;3,094372
2010-06-22;3,115596
2010-06-21;3,154394
2010-06-18;3,140686
2010-06-17;3,118427
2010-06-16;3,111557
2010-06-15;3,116276
2010-06-14;3,078397
2010-06-11;3,062875
2010-06-10;3,104004
2010-06-09;3,081723
2010-06-08;3,096380
2010-06-07;3,115852
2010-06-04;3,063379
2010-06-03;3,097096
2010-06-02;3,013977
2010-06-01;2,986138
2010-05-31;2,995305
2010-05-28;3,026388
2010-05-27;3,075876
2010-05-26;3,045314
2010-05-25;2,973219
2010-05-24;3,038126
2010-05-21;3,058975
2010-05-20;3,090359
2010-05-19;3,184364
2010-05-18;3,212426
2010-05-17;3,280296
2010-05-14;3,257722
2010-05-13;3,330325
2010-05-12;3,353293
2010-05-11;3,349942
2010-05-10;3,378167
2010-05-07;3,273199
2010-05-06;3,305173
2010-05-05;3,262176
2010-05-04;3,340877
2010-05-03;3,413187
2010-04-30;3,396532
2010-04-29;3,429632
2010-04-28;3,409327
2010-04-27;3,436979
2010-04-26;3,422589
2010-04-23;3,463313
2010-04-22;3,426441
2010-04-21;3,466690
2010-04-20;3,475769
2010-04-19;3,475500
2010-04-16;3,479744
2010-04-15;3,514698
2010-04-14;3,505545
2010-04-13;3,502078
2010-04-12;3,523134
2010-04-09;3,526909
2010-04-08;3,480015
2010-04-07;3,489865
2010-04-06;3,506911
2010-04-01;3,477214
2010-03-31;3,462697
2010-03-30;3,509152
2010-03-29;3,495470
2010-03-26;3,533527
2010-03-25;3,501447
2010-03-24;3,474561
2010-03-23;3,442893
2010-03-22;3,463928
2010-03-19;3,499452
2010-03-18;3,495363
2010-03-17;3,476980
2010-03-16;3,505544
2010-03-15;3,519991
2010-03-12;3,560673
2010-03-11;3,531556
2010-03-10;3,522288
2010-03-09;3,499187
2010-03-08;3,540440
2010-03-05;3,542868
2010-03-04;3,519363
2010-03-03;3,529489
2010-03-02;3,494549
2010-03-01;3,496082
2010-02-26;3,487951
2010-02-25;3,503210
2010-02-24;3,523808
2010-02-23;3,556063
2010-02-22;3,644548
2010-02-19;3,637845
2010-02-18;3,599402
2010-02-17;3,581547
2010-02-16;3,582727
2010-02-15;3,585059
2010-02-12;3,570657
2010-02-11;3,579398
2010-02-10;3,562546
2010-02-09;3,556734
2010-02-08;3,542405
2010-02-05;3,531149
2010-02-04;3,569554
2010-02-03;3,602784
2010-02-02;3,594144
2010-02-01;3,594382
2010-01-29;3,663043
2010-01-28;3,623068
2010-01-27;3,599463
2010-01-26;3,626209
2010-01-25;3,644315
2010-01-22;3,651728
2010-01-21;3,664270
2010-01-20;3,649622
2010-01-19;3,683727
2010-01-18;3,652736
2010-01-15;3,669549
2010-01-14;3,701898
2010-01-13;3,683624
2010-01-12;3,670956
2010-01-11;3,692294
2010-01-08;3,716697
2010-01-07;3,729893
2010-01-06;3,765515
2010-01-05;3,743664
2010-01-04;3,768965
2009-12-31;3,759529
2009-12-30;3,759165
2009-12-29;3,737954
2009-12-28;3,717576
2009-12-24;3,680472
2009-12-23;3,678352
2009-12-22;3,649048
2009-12-21;3,596768
2009-12-18;3,562126
2009-12-17;3,556338
2009-12-16;3,605254
2009-12-15;3,627970
2009-12-14;3,612356
2009-12-11;3,639993
2009-12-10;3,602146
2009-12-09;3,571605
2009-12-08;3,546891
2009-12-07;3,573699
2009-12-04;3,639135
2009-12-03;3,589146
2009-12-02;3,565804
2009-12-01;3,551574
2009-11-30;3,569885
2009-11-27;3,606503
2009-11-26;3,592798
2009-11-25;3,645922
2009-11-24;3,650839
2009-11-23;3,683755
2009-11-20;3,682755
2009-11-19;3,656790
2009-11-18;3,674705
2009-11-17;3,670762
2009-11-16;3,704150
2009-11-13;3,708507
2009-11-12;3,716351
2009-11-11;3,696237
2009-11-10;3,676969
2009-11-09;3,717779
2009-11-06;3,767095
2009-11-05;3,753381
2009-11-04;3,719847
2009-11-03;3,662341
2009-11-02;3,657381
2009-10-30;3,678018
2009-10-29;3,723313
2009-10-28;3,665930
2009-10-27;3,698801
2009-10-26;3,786028
2009-10-23;3,763148
2009-10-22;3,709833
2009-10-21;3,730955
2009-10-20;3,690474
2009-10-19;3,744737
2009-10-16;3,751247
2009-10-15;3,771302
2009-10-14;3,696464
2009-10-13;3,652267
2009-10-12;3,658571
2009-10-09;3,663795
2009-10-08;3,588961
2009-10-07;3,614735
2009-10-06;3,639848
2009-10-05;3,611125
2009-10-02;3,616802
2009-10-01;3,668980
2009-09-30;3,635107
2009-09-29;3,659158
2009-09-28;3,646909
2009-09-25;3,669280
2009-09-24;3,732820
2009-09-23;3,778443
2009-09-22;3,776943
2009-09-21;3,777831
2009-09-18;3,766250
2009-09-17;3,777809
2009-09-16;3,753178
2009-09-15;3,715691
2009-09-14;3,690117
2009-09-11;3,714144
2009-09-10;3,746574
2009-09-09;3,803114
2009-09-08;3,756648
2009-09-07;3,720372
2009-09-04;3,700503
2009-09-03;3,741768
2009-09-02;3,696215
2009-09-01;3,714421
2009-08-31;3,679817
2009-08-28;3,664973
2009-08-27;3,633246
2009-08-26;3,636412
2009-08-25;3,678970
2009-08-24;3,696757
2009-08-21;3,675452
2009-08-20;3,672185
2009-08-19;3,665053
2009-08-18;3,697027
2009-08-17;3,696896
2009-08-14;3,729440
2009-08-13;3,784401
2009-08-12;3,818926
2009-08-11;3,779802
2009-08-10;3,838089
2009-08-07;3,840014
2009-08-06;3,785892
2009-08-05;3,781580
2009-08-04;3,758324
2009-08-03;3,760159
2009-07-31;3,741084
2009-07-30;3,835632
2009-07-29;3,857846
2009-07-28;3,898086
2009-07-27;3,958112
2009-07-24;3,935624
2009-07-23;3,915917
2009-07-22;3,922155
2009-07-21;3,957769
2009-07-20;3,980105
2009-07-17;3,964907
2009-07-16;3,931940
2009-07-15;3,933881
2009-07-14;3,912519
2009-07-13;3,861601
2009-07-10;3,875501
2009-07-09;3,920861
2009-07-08;3,920833
2009-07-07;3,911598
2009-07-06;3,908869
2009-07-03;3,941102
2009-07-02;3,931290
2009-07-01;3,980366
2009-06-30;3,987464
2009-06-29;3,958319
2009-06-26;3,991265
2009-06-25;4,023495
2009-06-24;4,044769
2009-06-23;4,056378
2009-06-22;4,047005
2009-06-19;4,127352
2009-06-18;4,125704
2009-06-17;4,061448
2009-06-16;4,090804
2009-06-15;4,095579
2009-06-12;4,166955
2009-06-11;4,254417
2009-06-10;4,191531
2009-06-09;4,172572
2009-06-08;4,199973
2009-06-05;4,232599
2009-06-04;4,200385
2009-06-03;4,115207
2009-06-02;4,203835
2009-06-01;4,198378
2009-05-29;4,179407
2009-05-28;4,175726
2009-05-27;4,128235
2009-05-26;4,073135
2009-05-25;4,096361
2009-05-22;4,036203
2009-05-21;3,940373
2009-05-20;3,982962
2009-05-19;3,988844
2009-05-18;3,922473
2009-05-15;3,926557
2009-05-14;3,892284
2009-05-13;3,882583
2009-05-12;3,931088
2009-05-11;3,897989
2009-05-08;3,958716
2009-05-07;3,932354
2009-05-06;3,802110
2009-05-05;3,791742
2009-05-04;3,805853
2009-04-30;3,786677
2009-04-29;3,779721
2009-04-28;3,783957
2009-04-27;3,776320
2009-04-24;3,840339
2009-04-23;3,824288
2009-04-22;3,834474
2009-04-21;3,797416
2009-04-20;3,856091
2009-04-17;3,907785
2009-04-16;3,879573
2009-04-15;3,835288
2009-04-14;3,878119
2009-04-09;3,932757
2009-04-08;3,887225
2009-04-07;3,880464
2009-04-06;3,875596
2009-04-03;3,867912
2009-04-02;3,841857
2009-04-01;3,773086
2009-03-31;3,773289
2009-03-30;3,788091
2009-03-27;3,802892
2009-03-26;3,840717
2009-03-25;3,858576
2009-03-24;3,858009
2009-03-23;3,795038
2009-03-20;3,784221
2009-03-19;3,863987
2009-03-18;3,970256
2009-03-17;3,946712
2009-03-16;3,889374
2009-03-13;3,873231
2009-03-12;3,833030
2009-03-11;3,901258
2009-03-10;3,821723
2009-03-09;3,774983
2009-03-06;3,801131
2009-03-05;3,849284
2009-03-04;3,943825
2009-03-03;3,884851
2009-03-02;3,855141
2009-02-27;3,852831
2009-02-26;3,896736
2009-02-25;3,784203
2009-02-24;3,781244
2009-02-23;3,811338
2009-02-20;3,854401
2009-02-19;3,899250
2009-02-18;3,810980
2009-02-17;3,813252
2009-02-16;3,829257
2009-02-13;3,852179
2009-02-12;3,806675
2009-02-11;3,953380
2009-02-10;4,011109
2009-02-09;4,030854
2009-02-06;4,038055
2009-02-05;3,993980
2009-02-04;4,049896
2009-02-03;3,994264
2009-02-02;4,014131
2009-01-30;4,022975
2009-01-29;3,946842
2009-01-28;3,928293
2009-01-27;4,062825
2009-01-26;4,038641
2009-01-23;3,887002
2009-01-22;3,887601
2009-01-21;3,814981
2009-01-20;3,778898
2009-01-19;3,761454
2009-01-16;3,736815
2009-01-15;3,681348
2009-01-14;3,718794
2009-01-13;3,716710
2009-01-12;3,726418
2009-01-09;3,729062
2009-01-08;3,780327
2009-01-07;3,816084
2009-01-06;3,813922
2009-01-05;3,708792
2009-01-02;3,670464
2008-12-31;3,688186
2008-12-30;3,688220
2008-12-29;3,675781
2008-12-24;3,686072
2008-12-23;3,687038
2008-12-22;3,684746
2008-12-19;3,705812
2008-12-18;3,713308
2008-12-17;3,727936
2008-12-16;3,827225
2008-12-15;3,882345
2008-12-12;3,809221
2008-12-11;3,819849
2008-12-10;3,811435
2008-12-09;3,781088
2008-12-08;3,697604
2008-12-05;3,643526
2008-12-04;3,587733
2008-12-03;3,542448
2008-12-02;3,641582
2008-12-01;3,688635
2008-11-28;3,773932
2008-11-27;3,827527
2008-11-26;3,826964
2008-11-25;3,871110
2008-11-24;3,913562
2008-11-21;3,914498
2008-11-20;3,925457
2008-11-19;4,015784
2008-11-18;4,081387
2008-11-17;4,093467
2008-11-14;4,112564
2008-11-13;4,123466
2008-11-12;4,122155
2008-11-11;4,153279
2008-11-10;4,164669
2008-11-07;4,177828
2008-11-06;4,244278
2008-11-05;4,270147
2008-11-04;4,269697
2008-11-03;4,284397
2008-10-31;4,254813
2008-10-30;4,229568
2008-10-29;4,203854
2008-10-28;4,172734
2008-10-27;4,138923
2008-10-24;4,107181
2008-10-23;4,152428
2008-10-22;4,228075
2008-10-21;4,321715
2008-10-20;4,359338
2008-10-17;4,324309
2008-10-16;4,463902
2008-10-15;4,468478
2008-10-14;4,384898
2008-10-13;4,382147
2008-10-10;4,243184
2008-10-09;4,192018
2008-10-08;4,078564
2008-10-07;4,078564
2008-10-06;4,131793
2008-10-03;4,204874
2008-10-02;4,307556
2008-10-01;4,337461
2008-09-30;4,338168
2008-09-29;4,387560
2008-09-26;4,441432
2008-09-25;4,472051
2008-09-24;4,442104
2008-09-23;4,498364
2008-09-22;4,524121
2008-09-19;4,454839
2008-09-18;4,342576
2008-09-17;4,303796
2008-09-16;4,232043
2008-09-15;4,273748
2008-09-12;4,336400
2008-09-11;4,261969
2008-09-10;4,303108
2008-09-09;4,316036
2008-09-08;4,289392
2008-09-05;4,211331
2008-09-04;4,320231
2008-09-03;4,346046
2008-09-02;4,380000
2008-09-01;4,304177
2008-08-29;4,344467
2008-08-28;4,370985
2008-08-27;4,370241
2008-08-26;4,282708
2008-08-25;4,308988
2008-08-22;4,377979
2008-08-21;4,348864
2008-08-20;4,279053
2008-08-19;4,281446
2008-08-18;4,318192
2008-08-15;4,352018
2008-08-14;4,361577
2008-08-13;4,373770
2008-08-12;4,368110
2008-08-11;4,419347
2008-08-08;4,395293
2008-08-07;4,417635
2008-08-06;4,471496
2008-08-05;4,466911
2008-08-04;4,489979
2008-08-01;4,497853
2008-07-31;4,526609
2008-07-30;4,575344
2008-07-29;4,624421
2008-07-28;4,655976
2008-07-25;4,678621
2008-07-24;4,689860
2008-07-23;4,763147
2008-07-22;4,735754
2008-07-21;4,738555
2008-07-18;4,675175
2008-07-17;4,588190
2008-07-16;4,546326
2008-07-15;4,504001
2008-07-14;4,540463
2008-07-11;4,529419
2008-07-10;4,536608
2008-07-09;4,554004
2008-07-08;4,577596
2008-07-07;4,585257
2008-07-04;4,667974
2008-07-03;4,714602
2008-07-02;4,745059
2008-07-01;4,677504
2008-06-30;4,731762
2008-06-27;4,664425
2008-06-26;4,679480
2008-06-25;4,714697
2008-06-24;4,704979
2008-06-23;4,681924
2008-06-20;4,700197
2008-06-19;4,745837
2008-06-18;4,715463
2008-06-17;4,740592
2008-06-16;4,776331
2008-06-13;4,755698
2008-06-12;4,731635
2008-06-11;4,680647
2008-06-10;4,659612
2008-06-09;4,607948
2008-06-06;4,556465
2008-06-05;4,579448
2008-06-04;4,517390
2008-06-03;4,562456
2008-06-02;4,503613
2008-05-30;4,518585
2008-05-29;4,567346
2008-05-28;4,477584
2008-05-27;4,432040
2008-05-26;4,416187
2008-05-23;4,393669
2008-05-22;4,430062
2008-05-21;4,402812
2008-05-20;4,346337
2008-05-19;4,350029
2008-05-16;4,352633
2008-05-15;4,385564
2008-05-14;4,327162
2008-05-13;4,287559
2008-05-12;4,221127
2008-05-09;4,223707
2008-05-08;4,286411
2008-05-07;4,352835
2008-05-06;4,295405
2008-05-05;4,335685
2008-05-02;4,364595
2008-04-30;4,318280
2008-04-29;4,355441
2008-04-28;4,390121
2008-04-25;4,354501
2008-04-24;4,350846
2008-04-23;4,318829
2008-04-22;4,333554
2008-04-21;4,307858
2008-04-18;4,316580
2008-04-17;4,271804
2008-04-16;4,193329
2008-04-15;4,164271
2008-04-14;4,129412
2008-04-11;4,099048
2008-04-10;4,148774
2008-04-09;4,216300
2008-04-08;4,196961
2008-04-07;4,186460
2008-04-04;4,138629
2008-04-03;4,187031
2008-04-02;4,155546
2008-04-01;4,155037
2008-03-31;4,130928
2008-03-28;4,150853
2008-03-27;4,130562
2008-03-26;4,082881
2008-03-25;4,065106
2008-03-20;3,999038
2008-03-19;4,010742
2008-03-18;4,031010
2008-03-17;3,980089
2008-03-14;3,990701
2008-03-13;3,965753
2008-03-12;3,990666
2008-03-11;4,016919
2008-03-10;4,012400
2008-03-07;4,038460
2008-03-06;4,052575
2008-03-05;4,060146
2008-03-04;4,023553
2008-03-03;4,019212
2008-02-29;4,061381
2008-02-28;4,158177
2008-02-27;4,190961
2008-02-26;4,198103
2008-02-25;4,143067
2008-02-22;4,132995
2008-02-21;4,173370
2008-02-20;4,144347
2008-02-19;4,135444
2008-02-18;4,122184
2008-02-15;4,077093
2008-02-14;4,106641
2008-02-13;4,070399
2008-02-12;4,032457
2008-02-11;3,959930
2008-02-08;3,971513
2008-02-07;3,976592
2008-02-06;3,984995
2008-02-05;3,962530
2008-02-04;4,030304
2008-02-01;4,038403
2008-01-31;4,047324
2008-01-30;4,138065
2008-01-29;4,099649
2008-01-28;4,060753
2008-01-25;4,132881
2008-01-24;4,100679
2008-01-23;4,036064
2008-01-22;4,068032
2008-01-21;4,034791
2008-01-18;4,074691
2008-01-17;4,091588
2008-01-16;4,108494
2008-01-15;4,120159
2008-01-14;4,134104
2008-01-11;4,176275
2008-01-10;4,180970
2008-01-09;4,183797
2008-01-08;4,209648
2008-01-07;4,209143
2008-01-04;4,211568
2008-01-03;4,264879
2008-01-02;4,338746
2007-12-31;4,376064
2007-12-28;4,368734
2007-12-27;4,391646
2007-12-24;4,345980
2007-12-21;4,346494
2007-12-20;4,334048
2007-12-19;4,334659
2007-12-18;4,356194
2007-12-17;4,344885
2007-12-14;4,340176
2007-12-13;4,358505
2007-12-12;4,366701
2007-12-11;4,314165
2007-12-10;4,311829
2007-12-07;4,268699
2007-12-06;4,187971
2007-12-05;4,150422
2007-12-04;4,132013
2007-12-03;4,189631
2007-11-30;4,214501
2007-11-29;4,189619
2007-11-28;4,205755
2007-11-27;4,123070
2007-11-26;4,147979
2007-11-23;4,153178
2007-11-22;4,146251
2007-11-21;4,130825
2007-11-20;4,150833
2007-11-19;4,156449
2007-11-16;4,171729
2007-11-15;4,185268
2007-11-14;4,208095
2007-11-13;4,164982
2007-11-12;4,158805
2007-11-09;4,164135
2007-11-08;4,201487
2007-11-07;4,208520
2007-11-06;4,252620
2007-11-05;4,212700
2007-11-02;4,220459
2007-11-01;4,265267
2007-10-31;4,288441
2007-10-30;4,249214
2007-10-29;4,218400
2007-10-26;4,228239
2007-10-25;4,202829
2007-10-24;4,214711
2007-10-23;4,249181
2007-10-22;4,238876
2007-10-19;4,307340
2007-10-18;4,355670
2007-10-17;4,434419
2007-10-16;4,450700
2007-10-15;4,442889
2007-10-12;4,421618
2007-10-11;4,408370
2007-10-10;4,377311
2007-10-09;4,336699
2007-10-08;4,367744
2007-10-05;4,365137
2007-10-04;4,322053
2007-10-03;4,320657
2007-10-02;4,359603
2007-10-01;4,375585
2007-09-28;4,378139
2007-09-27;4,419476
2007-09-26;4,423111
2007-09-25;4,345966
2007-09-24;4,386535
2007-09-21;4,384847
2007-09-20;4,366146
2007-09-19;4,302052
2007-09-18;4,243022
2007-09-17;4,211089
2007-09-14;4,186225
2007-09-13;4,214048
2007-09-12;4,184615
2007-09-11;4,158806
2007-09-10;4,173341
2007-09-07;4,244449
2007-09-06;4,260598
2007-09-05;4,283764
2007-09-04;4,289873
2007-09-03;4,304201
2007-08-31;4,322620
2007-08-30;4,274914
2007-08-29;4,252685
2007-08-28;4,277238
2007-08-27;4,292973
2007-08-24;4,264607
2007-08-23;4,301167
2007-08-22;4,305278
2007-08-21;4,261657
2007-08-20;4,305832
2007-08-17;4,298980
2007-08-16;4,284009
2007-08-15;4,333360
2007-08-14;4,401762
2007-08-13;4,378340
2007-08-10;4,364512
2007-08-09;4,366004
2007-08-08;4,418110
2007-08-07;4,352443
2007-08-06;4,331673
2007-08-03;4,332744
2007-08-02;4,372096
2007-08-01;4,341217
2007-07-31;4,356365
2007-07-30;4,313602
2007-07-27;4,327699
2007-07-26;4,353431
2007-07-25;4,398730
2007-07-24;4,406782
2007-07-23;4,406110
2007-07-20;4,429046
2007-07-19;4,537964
2007-07-18;4,548494
2007-07-17;4,553898
2007-07-16;4,557808
2007-07-13;4,567783
2007-07-12;4,573495
2007-07-11;4,521684
2007-07-10;4,557438
2007-07-09;4,620858
2007-07-06;4,635545
2007-07-05;4,597072
2007-07-04;4,550757
2007-07-03;4,492098
2007-07-02;4,484342
2007-06-29;4,509836
2007-06-28;4,515040
2007-06-27;4,496318
2007-06-26;4,556606
2007-06-25;4,562138
2007-06-22;4,616581
2007-06-21;4,586144
2007-06-20;4,597515
2007-06-19;4,566873
2007-06-18;4,611332
2007-06-15;4,611068
2007-06-14;4,565681
2007-06-13;4,595732
2007-06-12;4,555232
2007-06-11;4,502066
2007-06-08;4,509503
2007-06-07;4,470797
2007-06-06;4,421746
2007-06-05;4,417749
2007-06-04;4,393506
2007-06-01;4,385455
2007-05-31;4,368949
2007-05-30;4,344259
2007-05-29;4,342074
2007-05-28;4,326198
2007-05-25;4,327258
2007-05-24;4,321459
2007-05-23;4,302724
2007-05-22;4,291846
2007-05-21;4,287176
2007-05-18;4,270272
2007-05-17;4,262637
2007-05-16;4,269748
2007-05-15;4,249954
2007-05-14;4,224219
2007-05-11;4,147741
2007-05-10;4,175863
2007-05-09;4,176029
2007-05-08;4,157685
2007-05-07;4,187972
2007-05-04;4,154582
2007-05-03;4,181530
2007-05-02;4,162831
2007-04-30;4,131063
2007-04-27;4,187469
2007-04-26;4,159127
2007-04-25;4,152538
2007-04-24;4,135537
2007-04-23;4,162465
2007-04-20;4,177227
2007-04-19;4,149399
2007-04-18;4,125636
2007-04-17;4,158108
2007-04-16;4,173485
2007-04-13;4,179370
2007-04-12;4,148375
2007-04-11;4,115249
2007-04-10;4,105856
2007-04-05;4,060667
2007-04-04;4,052252
2007-04-03;4,064232
2007-04-02;4,030000
2007-03-30;4,024396
2007-03-29;4,021284
2007-03-28;4,009359
2007-03-27;3,994365
2007-03-26;3,982362
2007-03-23;3,967463
2007-03-22;3,894654
2007-03-21;3,901118
2007-03-20;3,884068
2007-03-19;3,900858
2007-03-16;3,885431
2007-03-15;3,877700
2007-03-14;3,863021
2007-03-13;3,886131
2007-03-12;3,906569
2007-03-09;3,926353
2007-03-08;3,901378
2007-03-07;3,901127
2007-03-06;3,893080
2007-03-05;3,884462
2007-03-02;3,915145
2007-03-01;3,914270
2007-02-28;3,918204
2007-02-27;3,939619
2007-02-26;3,965187
2007-02-23;4,011604
2007-02-22;4,037725
2007-02-21;4,027911
2007-02-20;4,044832
2007-02-19;4,031917
2007-02-16;4,006098
2007-02-15;4,013239
2007-02-14;4,065377
2007-02-13;4,074729
2007-02-12;4,066857
2007-02-09;4,037526
2007-02-08;4,004048
2007-02-07;3,990431
2007-02-06;4,000575
2007-02-05;4,000436
2007-02-02;4,051237
2007-02-01;4,018988
2007-01-31;4,064024
2007-01-30;4,061819
2007-01-29;4,073805
2007-01-26;4,055093
2007-01-25;4,005108
2007-01-24;3,986745
2007-01-23;3,970799
2007-01-22;3,985386
2007-01-19;3,993439
2007-01-18;4,038201
2007-01-17;3,988762
2007-01-16;3,988625
2007-01-15;4,003988
2007-01-12;4,007384
2007-01-11;3,963503
2007-01-10;3,965383
2007-01-09;3,943786
2007-01-08;3,931026
2007-01-05;3,934915
2007-01-04;3,902953
2007-01-03;3,891308
2007-01-02;3,894216
2006-12-29;3,911845
2006-12-28;3,896801
2006-12-27;3,868669
2006-12-22;3,842342
2006-12-21;3,842318
2006-12-20;3,829575
2006-12-19;3,815072
2006-12-18;3,782053
2006-12-15;3,733278
2006-12-14;3,738330
2006-12-13;3,694595
2006-12-12;3,696814
2006-12-11;3,699506
2006-12-08;3,658441
2006-12-07;3,661671
2006-12-06;3,650986
2006-12-05;3,631351
2006-12-04;3,638186
2006-12-01;3,654628
2006-11-30;3,663722
2006-11-29;3,659118
2006-11-28;3,658879
2006-11-27;3,688085
2006-11-24;3,665173
2006-11-23;3,695762
2006-11-22;3,675239
2006-11-21;3,672091
2006-11-20;3,673663
2006-11-17;3,695018
2006-11-16;3,690812
2006-11-15;3,698049
2006-11-14;3,671553
2006-11-13;3,692488
2006-11-10;3,680714
2006-11-09;3,705503
2006-11-08;3,702554
2006-11-07;3,704290
2006-11-06;3,746355
2006-11-03;3,722958
2006-11-02;3,685098
2006-11-01;3,681375
2006-10-31;3,721678
2006-10-30;3,702513
2006-10-27;3,718448
2006-10-26;3,773245
2006-10-25;3,796368
2006-10-24;3,780981
2006-10-23;3,790118
2006-10-20;3,753030
2006-10-19;3,759127
2006-10-18;3,730058
2006-10-17;3,715814
2006-10-16;3,744365
2006-10-13;3,738014
2006-10-12;3,715138
2006-10-11;3,715243
2006-10-10;3,706030
2006-10-09;3,677192
2006-10-06;3,658823
2006-10-05;3,619171
2006-10-04;3,625015
2006-10-03;3,639982
2006-10-02;3,682156
2006-09-29;3,663617
2006-09-28;3,657149
2006-09-27;3,628282
2006-09-26;3,651133
2006-09-25;3,652223
2006-09-22;3,668856
2006-09-21;3,739656
2006-09-20;3,729099
2006-09-19;3,749834
2006-09-18;3,799256
2006-09-15;3,729669
2006-09-14;3,766906
2006-09-13;3,808659
2006-09-12;3,806650
2006-09-11;3,769093
2006-09-08;3,752209
2006-09-07;3,830701
2006-09-06;3,814052
2006-09-05;3,756931
2006-09-04;3,731713
2006-09-01;3,744432
2006-08-31;3,743506
2006-08-30;3,786374
2006-08-29;3,814247
2006-08-28;3,806546
2006-08-25;3,802590
2006-08-24;3,802402
2006-08-23;3,781162
2006-08-22;3,797172
2006-08-21;3,842092
2006-08-18;3,884427
2006-08-17;3,881771
2006-08-16;3,918252
2006-08-15;3,946333
2006-08-14;3,982087
2006-08-11;3,942636
2006-08-10;3,913917
2006-08-09;3,917911
2006-08-08;3,891776
2006-08-07;3,894377
2006-08-04;3,881787
2006-08-03;3,952746
2006-08-02;3,924459
2006-08-01;3,936397
2006-07-31;3,912682
2006-07-28;3,897742
2006-07-27;3,913201
2006-07-26;3,968147
2006-07-25;3,926211
2006-07-24;3,929189
2006-07-21;3,933755
2006-07-20;3,967252
2006-07-19;4,003907
2006-07-18;3,993986
2006-07-17;3,978715
2006-07-14;3,974555
2006-07-13;4,026135
2006-07-12;4,058927
2006-07-11;4,038894
2006-07-10;4,059547
2006-07-07;4,053521
2006-07-06;4,088462
2006-07-05;4,106431
2006-07-04;4,052047
2006-07-03;4,059212
2006-06-30;4,061455
2006-06-29;4,049085
2006-06-28;4,076668
2006-06-27;4,076779
2006-06-26;4,075329
2006-06-23;4,063005
2006-06-22;4,020645
2006-06-21;4,004198
2006-06-20;3,960721
2006-06-19;3,954372
2006-06-16;3,926766
2006-06-15;3,938006
2006-06-14;3,882925
2006-06-13;3,880298
2006-06-12;3,906835
2006-06-09;3,921213
2006-06-08;3,979622
2006-06-07;4,006297
2006-06-06;3,986439
2006-06-05;3,925295
2006-06-02;3,922088
2006-06-01;3,984927
2006-05-31;3,963984
2006-05-30;3,928984
2006-05-29;3,891344
2006-05-26;3,869388
2006-05-25;3,872029
2006-05-24;3,883082
2006-05-23;3,918649
2006-05-22;3,916995
2006-05-19;3,984757
2006-05-18;4,015378
2006-05-17;4,053391
2006-05-16;4,007163
2006-05-15;4,049671
2006-05-12;4,048646
2006-05-11;4,059082
2006-05-10;3,999089
2006-05-09;4,020910
2006-05-08;4,000058
2006-05-05;3,993215
2006-05-04;4,023337
2006-05-03;4,000301
2006-05-02;3,988504
2006-04-28;3,972634
2006-04-27;4,017949
2006-04-26;4,032257
2006-04-25;4,023336
2006-04-24;3,945626
2006-04-21;3,931308
2006-04-20;3,940002
2006-04-19;3,948855
2006-04-18;3,951283
2006-04-13;3,947889
2006-04-12;3,859295
2006-04-11;3,866271
2006-04-10;3,899366
2006-04-07;3,912057
2006-04-06;3,858046
2006-04-05;3,844543
2006-04-04;3,834494
2006-04-03;3,839474
2006-03-31;3,778159
2006-03-30;3,774013
2006-03-29;3,744802
2006-03-28;3,711278
2006-03-27;3,623757
2006-03-24;3,648360
2006-03-23;3,640614
2006-03-22;3,626665
2006-03-21;3,666199
2006-03-20;3,647681
2006-03-17;3,676827
2006-03-16;3,653542
2006-03-15;3,646631
2006-03-14;3,642159
2006-03-13;3,682046
2006-03-10;3,678832
2006-03-09;3,635666
2006-03-08;3,619830
2006-03-07;3,583328
2006-03-06;3,572664
2006-03-03;3,576344
2006-03-02;3,544816
2006-03-01;3,481636
2006-02-28;3,480539
2006-02-27;3,489617
2006-02-24;3,472247
2006-02-23;3,448896
2006-02-22;3,418944
2006-02-21;3,450718
2006-02-20;3,432426
2006-02-17;3,468894
2006-02-16;3,504315
2006-02-15;3,515162
2006-02-14;3,500215
2006-02-13;3,483509
2006-02-10;3,440517
2006-02-09;3,505624
2006-02-08;3,505394
2006-02-07;3,474820
2006-02-06;3,466667
2006-02-03;3,511564
2006-02-02;3,529059
2006-02-01;3,484324
2006-01-31;3,470593
2006-01-30;3,469791
2006-01-27;3,462251
2006-01-26;3,440676
2006-01-25;3,402471
2006-01-24;3,373697
2006-01-23;3,374475
2006-01-20;3,337868
2006-01-19;3,335279
2006-01-18;3,268057
2006-01-17;3,252156
2006-01-16;3,258205
2006-01-13;3,246887
2006-01-12;3,253480
2006-01-11;3,278889
2006-01-10;3,261304
2006-01-09;3,244181
2006-01-06;3,271944
2006-01-05;3,274608
2006-01-04;3,307832
2006-01-03;3,388762
2006-01-02;3,386180
2005-12-30;3,205643
2005-12-29;3,313640
2005-12-28;3,291120
2005-12-27;3,332664
2005-12-23;3,372510
2005-12-22;3,372079
2005-12-21;3,377665
2005-12-20;3,354752
2005-12-19;3,344049
2005-12-16;3,336963
2005-12-15;3,366980
2005-12-14;3,366784
2005-12-13;3,400998
2005-12-12;3,422117
2005-12-09;3,431299
2005-12-08;3,387489
2005-12-07;3,380154
2005-12-06;3,389232
2005-12-05;3,423460
2005-12-02;3,418166
2005-12-01;3,390749
2005-11-30;3,459306
2005-11-29;3,427774
2005-11-28;3,428131
2005-11-25;3,420398
2005-11-24;3,395030
2005-11-23;3,480704
2005-11-22;3,509495
2005-11-21;3,534695
2005-11-18;3,532530
2005-11-17;3,475680
2005-11-16;3,456645
2005-11-15;3,549428
2005-11-14;3,512334
2005-11-11;3,522000
2005-11-10;3,540697
2005-11-09;3,514584
2005-11-08;3,488590
2005-11-07;3,505591
2005-11-04;3,482619
2005-11-03;3,476636
2005-11-02;3,476367
2005-11-01;3,411016
2005-10-31;3,404296
2005-10-28;3,404659
2005-10-27;3,398975
2005-10-26;3,397629
2005-10-25;3,299991
2005-10-24;3,250137
2005-10-21;3,252327
2005-10-20;3,315801
2005-10-19;3,288805
2005-10-18;3,314822
2005-10-17;3,312068
2005-10-14;3,294162
2005-10-13;3,294199
2005-10-12;3,231940
2005-10-11;3,201276
2005-10-10;3,163450
2005-10-07;3,196122
2005-10-06;3,187639
2005-10-05;3,178500
2005-10-04;3,181517
2005-10-03;3,221679
2005-09-30;3,155055
2005-09-29;3,161698
2005-09-28;3,155941
2005-09-27;3,133031
2005-09-26;3,140666
2005-09-23;3,077646
2005-09-22;3,058639
2005-09-21;3,056347
2005-09-20;3,099689
2005-09-19;3,142393
2005-09-16;3,155604
2005-09-15;3,131699
2005-09-14;3,106703
2005-09-13;3,130294
2005-09-12;3,136426
2005-09-09;3,076261
2005-09-08;3,097931
2005-09-07;3,113931
2005-09-06;3,105241
2005-09-05;3,082488
2005-09-02;3,092992
2005-09-01;3,112179
2005-08-31;3,134155
2005-08-30;3,190083
2005-08-29;3,174984
2005-08-26;3,174347
2005-08-25;3,176989
2005-08-24;3,198310
2005-08-23;3,211937
2005-08-22;3,244594
2005-08-19;3,232484
2005-08-18;3,240814
2005-08-17;3,259710
2005-08-16;3,284665
2005-08-15;3,305379
2005-08-12;3,329722
2005-08-11;3,362616
2005-08-10;3,359476
2005-08-09;3,379599
2005-08-08;3,396172
2005-08-05;3,396180
2005-08-04;3,347987
2005-08-03;3,358623
2005-08-02;3,306905
2005-08-01;3,305907
2005-07-29;3,263496
2005-07-28;3,260122
2005-07-27;3,254916
2005-07-26;3,274618
2005-07-25;3,260091
2005-07-22;3,271963
2005-07-21;3,312366
2005-07-20;3,328626
2005-07-19;3,305975
2005-07-18;3,283107
2005-07-15;3,319682
2005-07-14;3,316274
2005-07-13;3,276489
2005-07-12;3,254226
2005-07-11;3,247367
2005-07-08;3,217007
2005-07-07;3,237548
2005-07-06;3,263161
2005-07-05;3,261914
2005-07-04;3,219732
2005-07-01;3,186284
2005-06-30;3,200185
2005-06-29;3,184047
2005-06-28;3,205263
2005-06-27;3,162888
2005-06-24;3,179712
2005-06-23;3,203041
2005-06-22;3,194762
2005-06-21;3,268889
2005-06-20;3,358621
2005-06-17;3,344097
2005-06-16;3,372005
2005-06-15;3,324842
2005-06-14;3,237973
2005-06-13;3,230299
2005-06-10;3,199229
2005-06-09;3,198554
2005-06-08;3,161714
2005-06-07;3,193088
2005-06-06;3,250123
2005-06-03;3,202775
2005-06-02;3,271704
2005-06-01;3,310745
2005-05-31;3,323370
2005-05-30;3,380837
2005-05-27;3,380491
2005-05-26;3,369033
2005-05-25;3,325171
2005-05-24;3,329264
2005-05-23;3,368678
2005-05-20;3,395530
2005-05-19;3,356907
2005-05-18;3,345400
2005-05-17;3,381578
2005-05-16;3,372632
2005-05-13;3,362835
2005-05-12;3,399341
2005-05-11;3,398776
2005-05-10;3,426347
2005-05-09;3,497316
2005-05-06;3,498051
2005-05-05;3,471036
2005-05-04;3,482926
2005-05-03;3,449155
2005-05-02;3,460257
2005-04-29;3,481846
2005-04-28;3,446112
2005-04-27;3,448289
2005-04-26;3,475322
2005-04-25;3,494214
2005-04-22;3,508397
2005-04-21;3,548171
2005-04-20;3,505435
2005-04-19;3,505352
2005-04-18;3,535540
2005-04-15;3,535204
2005-04-14;3,575808
2005-04-13;3,563844
2005-04-12;3,590845
2005-04-11;3,600115
2005-04-08;3,614485
2005-04-07;3,596627
2005-04-06;3,615034
2005-04-05;3,617570
2005-04-04;3,624978
2005-04-01;3,606079
2005-03-31;3,654529
2005-03-30;3,708227
2005-03-29;3,721801
2005-03-24;3,712260
2005-03-23;3,739160
2005-03-22;3,700622
2005-03-21;3,742948
2005-03-18;3,734036
2005-03-17;3,696787
2005-03-16;3,725076
2005-03-15;3,739499
2005-03-14;3,794177
2005-03-11;3,787095
2005-03-10;3,774219
2005-03-09;3,779045
2005-03-08;3,713497
2005-03-07;3,681450
2005-03-04;3,721829
2005-03-03;3,770573
2005-03-02;3,789237
2005-03-01;3,733986
2005-02-28;3,710944
2005-02-25;3,736715
2005-02-24;3,704860
2005-02-23;3,680708
2005-02-22;3,696929
2005-02-21;3,681306
2005-02-18;3,662412
2005-02-17;3,587066
2005-02-16;3,482918
2005-02-15;3,505220
2005-02-14;3,497823
2005-02-11;3,468299
2005-02-10;3,435463
2005-02-09;3,446598
2005-02-08;3,481878
2005-02-07;3,479576
2005-02-04;3,506641
2005-02-03;3,554661
2005-02-02;3,537406
2005-02-01;3,555893
2005-01-31;3,555916
2005-01-28;3,556881
2005-01-27;3,599677
2005-01-26;3,573076
2005-01-25;3,532348
2005-01-24;3,559666
2005-01-21;3,589843
2005-01-20;3,580961
2005-01-19;3,532531
2005-01-18;3,571272
2005-01-17;3,555552
2005-01-14;3,580548
2005-01-13;3,588908
2005-01-12;3,624260
2005-01-11;3,615339
2005-01-10;3,621085
2005-01-07;3,621110
2005-01-06;3,652554
2005-01-05;3,695968
2005-01-04;3,668323
2005-01-03;3,661840